ARTICULO,DESCRIPSION,MARCA,PRECIO,IMAGEN,CATEGORIA,GRUPO,REFERENCIA
10652,TIJERA INFERIOR F ESCAPE 13/19 LH,KUNYUAN,200000,https://res.cloudinary.com/r9vobuds/image/upload/v1790288647/catalogo_rimar/kxsscqniqk76rlffh5ig.jpg,Suspensión,,
39336,PASTILLAS FRENO DELANTERO C BLAZER 97/05,MOPAR,51039,https://res.cloudinary.com/r9vobuds/image/upload/v1790345229/catalogo_rimar/optj4hgghkshwq8n1phf.png,PASTILLAS,CHEVROLET,VAM15410
49582,VALVULA CALEFACCION D DURANGO 01/03,MOPAR,356845,https://res.cloudinary.com/r9vobuds/image/upload/v1790346370/catalogo_rimar/uyajfonuknpa7iv9s9e9.png,Sensores / Eléctrico,DODGE,55056055AA
49410,AIRBAG D JOURNEY 2.4L 2.7L 3.6L 09/10,MOPAR,764515,https://res.cloudinary.com/r9vobuds/image/upload/v1790365397/catalogo_rimar/k2c2tw2vzk3he1kbgywz.jpg,AIRBAG,DODGE,1ME31DK7AA
60100,BOMPER TRASERO D DURANGO 12/17,MOPAR,191102,https://res.cloudinary.com/r9vobuds/image/upload/v1790365691/catalogo_rimar/asb7lkjd32nrasmvazqh.png,BOMPER,DODGE,68092093AA
60065,CALCOMANIA PUERTA DELANTERA LH D DURANGO 1,MOPAR,19153,https://res.cloudinary.com/r9vobuds/image/upload/v1790366197/catalogo_rimar/vec3mgu7lyn0fpjb0sl9.png,CALCOMANIA,DODGE,57010263AE
48023,EMBLEMA CARNERO PERSIANA D JOURNEY 09/10,MOPAR,165636,https://res.cloudinary.com/r9vobuds/image/upload/v1790366624/catalogo_rimar/v3mkyushs4tqyv5oivmu.png,EMBLEMA,DODGE,5155674AA
60038,KIT TUERCAS DE SEGURIDAD RIN D RAM 1500 09/11,MOPAR,101864,https://res.cloudinary.com/r9vobuds/image/upload/v1790368202/catalogo_rimar/gkzdwbkruldnvxqg3lkc.png,Motor,DODGE,130024234
60036,MOTOR CANTONERA COMPUERTA D RAM 2500 11/18,MOPAR,254767,https://res.cloudinary.com/r9vobuds/image/upload/v1790369756/catalogo_rimar/uvf8816ryohsgxm7szlo.png,MOTOR,DODGE,4589584AG.
60007,PIN STOP TRASERO 1500 2500 3500 07/13,MOPAR,15301,https://res.cloudinary.com/r9vobuds/image/upload/v1790370119/catalogo_rimar/ronceexx8grwspktykz5.png,PIN,DODGE,68061648AA
50711,PURIFICADOR AIRE MOTOR D RAM 5.7L 04/13 SEGUN,MOPAR,254767,https://res.cloudinary.com/r9vobuds/image/upload/v1790370418/catalogo_rimar/os0dm9yqhvswjaydlmmx.png,PURIFICADOR,DODGE,53032405AC
58899,SOPORTE MARCO RADIADOR D DURANGO 11/13 LH,MOPAR,446083,https://res.cloudinary.com/r9vobuds/image/upload/v1790370861/catalogo_rimar/g0raj8pf8rmyymdup3cf.png,Soportes,DODGE,68227827AA
50884,SOPORTE MARCO RADIADOR D DURANGO 11/13 LH,MOPAR,700850,https://images.unsplash.com/photo-1486006920555-c77dce18193b?w=400,Carroceria,DODGE,68100237AA
48982,STOP COMPUERTA D JOURNEY 09/10 LH,MOPAR,305806,https://images.unsplash.com/photo-1486006920555-c77dce18193b?w=400,Carroceria,DODGE,4806369AF
60053,TAPA CONSOLA PRINCIPAL BARRA CAMBIOS GRAND,MOPAR,101864,https://images.unsplash.com/photo-1486006920555-c77dce18193b?w=400,Carroceria,DODGE,1XH202X9AD
60037,TOPE GUARDAFANGO DEL D RAM 1500 2500 3500 11/1,MOPAR,25466,https://images.unsplash.com/photo-1486006920555-c77dce18193b?w=400,Carroceria,DODGE,5182362AB
60096,VIDRIO PARABRISAS TRASERO D DURANGO 12/16,MOPAR,318646,https://images.unsplash.com/photo-1486006920555-c77dce18193b?w=400,Carroceria,DODGE,68083561AC
41295,VIDRIO PUERTA TRASERA Y LATERAL D RAM VAN 01/,MOPAR,101864,https://images.unsplash.com/photo-1486006920555-c77dce18193b?w=400,Carroceria,DODGE,55074706
60051,DISCOS SINCRONIZADORES SEGUNDA CAJA D RAM 6,MOPAR,318646,https://images.unsplash.com/photo-1486006920555-c77dce18193b?w=400,Combustible,DODGE,52119639AA
48260,GUAYA ACELERADOR MOTOR D 2.0L NEON 95/99,MOPAR,121017,https://images.unsplash.com/photo-1486006920555-c77dce18193b?w=400,Combustible,DODGE,4669698
40468,GUAYA ACELERADOR MOTOR D D600,MOPAR,12733,https://images.unsplash.com/photo-1486006920555-c77dce18193b?w=400,Combustible,DODGE,2961343
60022,KIT MANOS LIBRES BLUETOOTH D JOURNEY DURANG,MOPAR,38199,https://images.unsplash.com/photo-1486006920555-c77dce18193b?w=400,Combustible,DODGE,82212159
60063,LAME VIDRIO SUPERIOR TRASERO D JOURNEY 09/17,MOPAR,44619,https://images.unsplash.com/photo-1486006920555-c77dce18193b?w=400,Combustible,DODGE,05076872AB
60040,PASTA RIEL DEL IMPULSADOR MOTOR D 5.7L HEMI 6.,MOPAR,25466,https://images.unsplash.com/photo-1486006920555-c77dce18193b?w=400,Combustible,DODGE,53021727AC
48276,FILTRO ACEITE MOTOR D 2.0 NEON 95/05 WRANGLER,MOPAR,40660,https://images.unsplash.com/photo-1486006920555-c77dce18193b?w=400,Filtros,DODGE,4105409AC
48212,FILTRO ACEITE MOTOR D 3.6L 11/13 JOURNEY WRAN,MOPAR,42800,https://images.unsplash.com/photo-1486006920555-c77dce18193b?w=400,Filtros,DODGE,68079744AD
50195,FILTRO ACEITE MOTOR D 3.6L 14/22 JOURNEY WRAN,MOPAR,42800,https://images.unsplash.com/photo-1486006920555-c77dce18193b?w=400,Filtros,DODGE,68191349AC
48553,FILTRO AIRE MOTOR D 2.4L 09/20 2.7L 09/10 JOURNE,MOPAR,90950,https://images.unsplash.com/photo-1486006920555-c77dce18193b?w=400,Filtros,DODGE,4891916AA
50686,FILTRO AIRE MOTOR D 6.4L CHARGER SRT 12/15,MOPAR,178369,https://images.unsplash.com/photo-1486006920555-c77dce18193b?w=400,Filtros,DODGE,4861746AB
49338,FILTRO CABINA D 4.0L 07/08 PACIFICA CARAVAN 3.3L,MOPAR,101864,https://images.unsplash.com/photo-1486006920555-c77dce18193b?w=400,Filtros,DODGE,82205905
41239,FILTRO GASOLINA D 3.9L DAKOTA 88/89,MOPAR,35738,https://images.unsplash.com/photo-1486006920555-c77dce18193b?w=400,Filtros,DODGE,04443454
60060,EMPAQUE VENTANA PUERTA DELANTERA RH D JOUR,MOPAR,63665,https://images.unsplash.com/photo-1486006920555-c77dce18193b?w=400,Frenos,DODGE,5076870AD
43008,GUAYA ACELERADOR D CARAVAN 90/95 DAKOTA 89/,MOPAR,38199,https://images.unsplash.com/photo-1486006920555-c77dce18193b?w=400,Frenos,DODGE,4300839
48326,KIT PISTONES Y LIGAS CALIPER DELANTERO D RAM 2,MOPAR,230050,https://images.unsplash.com/photo-1486006920555-c77dce18193b?w=400,Frenos,DODGE,68049147AB
40220,LIGAS CALIPER D RAM VAN 3500 94/97,MOPAR,27927,https://images.unsplash.com/photo-1486006920555-c77dce18193b?w=400,Frenos,DODGE,4186988
41298,PERA FRENO D RAM VAN 1500 3500 92/94,MOPAR,44619,https://images.unsplash.com/photo-1486006920555-c77dce18193b?w=400,Frenos,DODGE,56006819
48366,SENSOR ABS TRASERO D CARAVAN 04/05 RH DISCO,MOPAR,203942,https://images.unsplash.com/photo-1486006920555-c77dce18193b?w=400,Frenos,DODGE,4721042AD
60146,TUBO FRENO DELANTERO VARIOS,MOPAR,12733,https://images.unsplash.com/photo-1486006920555-c77dce18193b?w=400,Frenos,DODGE,CATCK131AA
41272,VALVULA LIMITADORA FRENO D RAM VAN 94,MOPAR,101864,https://images.unsplash.com/photo-1486006920555-c77dce18193b?w=400,Frenos,DODGE,52007312
60155,ADAPTADOR CORRIENTE AL TRAILER VARIOS,MOPAR,38199,https://images.unsplash.com/photo-1486006920555-c77dce18193b?w=400,Limpiabrisas,DODGE,82210512AC
49132,ACEITE HIDRAULICO ATF+4 CAJA AUTOMATIC .00 68218057AC,MOPAR,0,https://images.unsplash.com/photo-1486006920555-c77dce18193b?w=400,Liquidos,DODGE,*
49004,ACEITE HIDRAULICO CVT+4 CAJA AUTOMATIC,MOPAR,55640,https://images.unsplash.com/photo-1486006920555-c77dce18193b?w=400,Liquidos,DODGE,5191184AA
51014,ACEITE MOTOR 5W20 5 LITROS,MOPAR,176471,https://res.cloudinary.com/r9vobuds/image/upload/v1790371131/catalogo_rimar/rvuk49inauf2umhnquxs.webp,Motor,DODGE,68218891AC
51015,ACEITE MOTOR 5W30 5 LITROS 68518205AA,MOPAR,176471,https://res.cloudinary.com/r9vobuds/image/upload/v1790371131/catalogo_rimar/fqrnx3skjp1rrjjpkmjq.webp,Motor,DODGE,*
60184,BALANCINES MOTOR D 3.6L 24V 11/14 JOURNEY WR,MOPAR,85600,https://images.unsplash.com/photo-1486006920555-c77dce18193b?w=400,Motor,DODGE,5184296AH
44587,DAMPER CIGUEÑAL MOTOR D-318 5.2L 84/87,MOPAR,44619,https://images.unsplash.com/photo-1486006920555-c77dce18193b?w=400,Motor,DODGE,4173184
50643,EMPAQUE MULTIPLE ESCAPE D 2.7 09/10 JOURNEY R,MOPAR,57352,https://images.unsplash.com/photo-1486006920555-c77dce18193b?w=400,Motor,DODGE,4663992
60133,ESPARRAGO D RAM 2500 3500 09/11,MOPAR,17762,https://images.unsplash.com/photo-1486006920555-c77dce18193b?w=400,Motor,DODGE,68049119AA
48070,FUNDA VARILLA ACEITE MOTOR D 2.0L 16V 00/05 NE,MOPAR,19153,https://images.unsplash.com/photo-1486006920555-c77dce18193b?w=400,Motor,DODGE,4667352
60176,MOTOR COMPLETO REMANUFACTURADO D JOURNE,MOPAR,7645685,https://images.unsplash.com/photo-1486006920555-c77dce18193b?w=400,Motor,DODGE,MOT3.5L
48065,PIÑON LEVAS MOTOR D 2.0L SOHC 16V 00/05 NEON,MOPAR,73937,https://images.unsplash.com/photo-1486006920555-c77dce18193b?w=400,Motor,DODGE,4667602
50640,PISTON CON BIELA MOTOR D 2.7L 09/10 JOURNEY ST,MOPAR,1401700,https://images.unsplash.com/photo-1486006920555-c77dce18193b?w=400,Motor,DODGE,5018627AD
41281,POLEA CIGUEÑAL MOTOR D 3.9L 94/03 5.2L 94/01 5.9,MOPAR,57352,https://images.unsplash.com/photo-1486006920555-c77dce18193b?w=400,Motor,DODGE,53010222
47734,POLEA LOCA MOTOR D 2.0L 02 PT 4777394,MOPAR,114704,https://images.unsplash.com/photo-1486006920555-c77dce18193b?w=400,Motor,DODGE,*
51077,POMA ACEITE MOTOR D 2.7L 09/10 JOURNEY 2DA,MOPAR,127437,https://images.unsplash.com/photo-1486006920555-c77dce18193b?w=400,Motor,DODGE,4792402ABX
41285,POMA CARTER MOTOR D 5.9L 93/,MOPAR,159323,https://images.unsplash.com/photo-1486006920555-c77dce18193b?w=400,Motor,DODGE,53020462
51084,RESORTE VALVULAS MOTOR D 2.7L 09/10 JOURNEY 2,MOPAR,12733,https://images.unsplash.com/photo-1486006920555-c77dce18193b?w=400,Motor,DODGE,4663801X
60085,RIEL CARPA PLATON D RAM 09/15,MOPAR,121017,https://images.unsplash.com/photo-1486006920555-c77dce18193b?w=400,Motor,DODGE,82211058
51211,SOPORTE DELANTERO MOTOR J 2.4L 07/14 COMPAS,MOPAR,433243,https://images.unsplash.com/photo-1486006920555-c77dce18193b?w=400,Motor,DODGE,5105494AD
49865,SOPORTE MOTOR D 3.0L 3.3L 97/00 CARAVAN,MOPAR,305806,https://images.unsplash.com/photo-1486006920555-c77dce18193b?w=400,Motor,DODGE,4612427AB
49845,SOPORTE MOTOR D 5.7L 2WD RAM 1500 2500 10/13 L,MOPAR,318646,https://images.unsplash.com/photo-1486006920555-c77dce18193b?w=400,Motor,DODGE,52122712AB
60147,TAPA CON EMPAQUE DIFERENCIAL D RAM 1500 2500,MOPAR,152903,https://images.unsplash.com/photo-1486006920555-c77dce18193b?w=400,Motor,DODGE,5086904AB
50288,TENSOR CADENA MOTOR D 3.6L 14/15,MOPAR,17762,https://images.unsplash.com/photo-1486006920555-c77dce18193b?w=400,Motor,DODGE,05184392AD
41270,TENSOR CORREA REPARTICION MOTOR D 2.0L 01/02 4777393AC,MOPAR,318646,https://images.unsplash.com/photo-1486006920555-c77dce18193b?w=400,Motor,DODGE,*
49099,TENSOR HIDRAULICO CADENA PRIMARIA MOTOR D 3.,MOPAR,458709,https://images.unsplash.com/photo-1486006920555-c77dce18193b?w=400,Motor,DODGE,05047891AA
51002,TORNILLO POLEA LOCA MOTOR D 3.6L 11/17 JOURNE,MOPAR,31886,https://images.unsplash.com/photo-1486006920555-c77dce18193b?w=400,Motor,DODGE,6510429AA
60014,TORNILLO TIJERA INFERIOR DELANTERA D JOURNEY,MOPAR,27927,https://images.unsplash.com/photo-1486006920555-c77dce18193b?w=400,Motor,DODGE,6508844AA
50751,VALVULA IAC MOTOR D 3.3L 90/97 GRAND CARAVAN,MOPAR,293073,https://images.unsplash.com/photo-1486006920555-c77dce18193b?w=400,Motor,DODGE,4861083AB
40289,VARILLA BOMBA ACEITE MOTOR D 361 74 CADENA,MOPAR,63665,https://images.unsplash.com/photo-1486006920555-c77dce18193b?w=400,Motor,DODGE,1739604
48027,VARILLA MEDIR ACEITE MOTOR D 4.7L 00/03 DAKOTA,MOPAR,35738,https://images.unsplash.com/photo-1486006920555-c77dce18193b?w=400,Motor,DODGE,53021719AD
60071,CABLEADO DE LUCES D JOURNEY 12/15,MOPAR,63665,https://images.unsplash.com/photo-1486006920555-c77dce18193b?w=400,Parte Electrica,DODGE,68142412AF
49651,FUSIBLE DEL FRENO 10 AMPERIOS 11/13 JOURNEY,MOPAR,5029,https://images.unsplash.com/photo-1486006920555-c77dce18193b?w=400,Parte Electrica,DODGE,68100731AA
50970,KIT LUCES BIXENON H 13 UNIVERSALES,MOPAR,203942,https://images.unsplash.com/photo-1486006920555-c77dce18193b?w=400,Parte Electrica,DODGE,130000515
60128,PLACA CUERPO DE VALVULAS 62TE D J VARIOS,MOPAR,63665,https://images.unsplash.com/photo-1486006920555-c77dce18193b?w=400,Parte Electrica,DODGE,5078822AC
50805,RAMAL PERA ACEITE MOTOR J D 3.6L 12/16 JOURNEY,MOPAR,191102,https://images.unsplash.com/photo-1486006920555-c77dce18193b?w=400,Parte Electrica,DODGE,5148105AH
49622,SENSOR IMPACTO PUERTA AIR BAG D JOURNEY 09/1,MOPAR,95658,https://images.unsplash.com/photo-1486006920555-c77dce18193b?w=400,Parte Electrica,DODGE,56054047AC
49866,SENSOR POSICION EJE LEVAS MOTOR D 2.4L 09/14,MOPAR,350000,https://images.unsplash.com/photo-1486006920555-c77dce18193b?w=400,Parte Electrica,DODGE,68080819AC
50365,SOPORTE ALTERNADOR D 225 65/69 DART CORONET,MOPAR,38199,https://images.unsplash.com/photo-1486006920555-c77dce18193b?w=400,Parte Electrica,DODGE,2658893
47586,SWITCH ELEVAVIDRIO D DAKOTA DURANGO 01/02 R,MOPAR,76505,https://images.unsplash.com/photo-1486006920555-c77dce18193b?w=400,Parte Electrica,DODGE,56007695AC
47585,SWITCH ELEVAVIDRIO D DAKOTA DURANGO 01/02 R,MOPAR,267607,https://images.unsplash.com/photo-1486006920555-c77dce18193b?w=400,Parte Electrica,DODGE,56049805AB
47863,SWITCH LIMPIABRISAS D NEON 95/99 CON INTERMITE 4793313,MOPAR,89238,https://images.unsplash.com/photo-1486006920555-c77dce18193b?w=400,Parte Electrica,DODGE,*
48025,SWITCH LUCES D JOURNEY 11/12,MOPAR,293073,https://images.unsplash.com/photo-1486006920555-c77dce18193b?w=400,Parte Electrica,DODGE,68072003AB
48075,SWITCH LUZ CORTESIA D NEON 95/00 TOWN CONTR,MOPAR,22898,https://images.unsplash.com/photo-1486006920555-c77dce18193b?w=400,Parte Electrica,DODGE,4609106
41267,TEMPORIZADOR LIMPIABRISAS D RAM 1500 3500 94/9,MOPAR,38199,https://images.unsplash.com/photo-1486006920555-c77dce18193b?w=400,Parte Electrica,DODGE,4503104
51349,LIQUIDO REFRIGERANTE 10 AÑOS GALON MO,MOPAR,125000,https://images.unsplash.com/photo-1486006920555-c77dce18193b?w=400,Refrigeración,DODGE,68163848GB
48282,MANGUERA SUPERIOR RADIADOR MOTOR D 5.9L 98/0,MOPAR,191102,https://images.unsplash.com/photo-1486006920555-c77dce18193b?w=400,Refrigeración,DODGE,52028758AD
41280,POLEA BOMBA AGUA MOTOR D 3.9L 5.2L 5.9L 8.0L RA,MOPAR,25466,https://images.unsplash.com/photo-1486006920555-c77dce18193b?w=400,Refrigeración,DODGE,53010221
44594,POLEA BOMBA AGUA MOTOR D 5.2L 318 5.9L 360 84/8,MOPAR,12733,https://images.unsplash.com/photo-1486006920555-c77dce18193b?w=400,Refrigeración,DODGE,3870212
44593,POLEA BOMBA AGUA MOTOR D 5.9L 360 85/86,MOPAR,12733,https://images.unsplash.com/photo-1486006920555-c77dce18193b?w=400,Refrigeración,DODGE,2202666
41384,POLEA BOMBA AIRE D RAM 91/,MOPAR,44619,https://images.unsplash.com/photo-1486006920555-c77dce18193b?w=400,Refrigeración,DODGE,53008638
46021,RADIADOR AGUA MOTOR D 3.7L DAKOTA 05/10,MOPAR,662651,https://images.unsplash.com/photo-1486006920555-c77dce18193b?w=400,Refrigeración,DODGE,55056506AD
49776,TAPA RADIADOR MOTOR D JOURNEY 2.4L 3.6L 2.7L 11,MOPAR,155000,https://images.unsplash.com/photo-1486006920555-c77dce18193b?w=400,Refrigeración,DODGE,52028974AA
42101,TAPA RADIADOR MOTOR D RAM 8650 06,MOPAR,12733,https://images.unsplash.com/photo-1486006920555-c77dce18193b?w=400,Refrigeración,DODGE,BJ
46031,ESPARRAGO DELANTERO D DURANGO 2WD 97/03 4,MOPAR,22898,https://images.unsplash.com/photo-1486006920555-c77dce18193b?w=400,Rueda Delantera Y Trasera,DODGE,04897915AA
46030,ESPARRAGO TRASERO D DURANGO 4WD 98/04 CON,MOPAR,22898,https://images.unsplash.com/photo-1486006920555-c77dce18193b?w=400,Rueda Delantera Y Trasera,DODGE,6036123AA
60048,TAPA CUBO CENTRO RUEDA C PACIFICA C 300 05/08,MOPAR,63665,https://images.unsplash.com/photo-1486006920555-c77dce18193b?w=400,Rueda Delantera Y Trasera,DODGE,4862300AB
48241,CAUCHO ESTABILIZADORA TRASERA D JOURNEY 09/,MOPAR,54142,https://images.unsplash.com/photo-1486006920555-c77dce18193b?w=400,Suspensión Y Dirección,DODGE,5151206AC
49356,TIJERA INFERIOR LATERAL TRASERA D JOURNEY 09/,MOPAR,547947,https://images.unsplash.com/photo-1486006920555-c77dce18193b?w=400,Suspensión Y Dirección,DODGE,5085415AD
48321,TOPE TIJERA INFERIOR D DURANGO 2WD 98/04 52106438AB,MOPAR,51039,https://images.unsplash.com/photo-1486006920555-c77dce18193b?w=400,Suspensión Y Dirección,DODGE,*
49210,TOPE TIJERA INFERIOR D RAM 1500 4WD 06/08 RAM 2,MOPAR,76505,https://images.unsplash.com/photo-1486006920555-c77dce18193b?w=400,Suspensión Y Dirección,DODGE,52113685AA
40447,EJE CORREDIZO CAJA D D600,MOPAR,101864,https://images.unsplash.com/photo-1486006920555-c77dce18193b?w=400,Transfer Y Caja,DODGE,2124283
43158,GUAYA CLUTCH D AUTOMOVIL 92/94 4511098,MOPAR,57352,https://images.unsplash.com/photo-1486006920555-c77dce18193b?w=400,Transfer Y Caja,DODGE,*
50571,GUAYA CONTROL CAMBIOS A/T D NEON 2.0L 16V 97/9,MOPAR,446083,https://images.unsplash.com/photo-1486006920555-c77dce18193b?w=400,Transfer Y Caja,DODGE,4670291
45788,KIT PISTON Y LIGAS CALIPER D CARAVAN 3.3L 02/05 5019990AB,MOPAR,121017,https://images.unsplash.com/photo-1486006920555-c77dce18193b?w=400,Transfer Y Caja,DODGE,*
40452,PIÑON 1A CAJA NP445,MOPAR,25466,https://images.unsplash.com/photo-1486006920555-c77dce18193b?w=400,Transfer Y Caja,DODGE,2960189
44624,PIÑON 2A CAJA NP540,MOPAR,25466,https://images.unsplash.com/photo-1486006920555-c77dce18193b?w=400,Transfer Y Caja,DODGE,1664832
40454,PIÑON 3A CORREDIZO,MOPAR,15301,https://images.unsplash.com/photo-1486006920555-c77dce18193b?w=400,Transfer Y Caja,DODGE,251384
60113,RODILLO Y CUNA DIFERENCIAL D RAM 2500 3500 03/1,MOPAR,242141,https://images.unsplash.com/photo-1486006920555-c77dce18193b?w=400,Transfer Y Caja,DODGE,68149046AA
50373,ACTUADOR TRANSFER J CHEROKEE 14/15,MOPAR,3937815,https://images.unsplash.com/photo-1486006920555-c77dce18193b?w=400,Transmisión Y Cardán,DODGE,68321285AE
49633,RETEN SPEED DELANTERO D DAKOTA 00/11 DURAN,MOPAR,82818,https://images.unsplash.com/photo-1486006920555-c77dce18193b?w=400,Transmisión Y Cardán,DODGE,52069700
60114,RODILLO Y CUNA TRANSMISION D RAM 2500 3500 03/1,MOPAR,140170,https://images.unsplash.com/photo-1486006920555-c77dce18193b?w=400,Transmisión Y Cardán,DODGE,5086906AA
48579,SOPORTE HORQUILLA REVERSO D NEON 00/03,MOPAR,38199,https://images.unsplash.com/photo-1486006920555-c77dce18193b?w=400,Transmisión Y Cardán,DODGE,04761152
51016,ACEITE MOTOR 15W40 DIESEL 5 LITROS,MOPAR,257000,https://res.cloudinary.com/r9vobuds/image/upload/v1790371132/catalogo_rimar/r6txwpfwndd37ehbxlbm.png,Motor,DODGE - DIESEL,68218941AC
49271,PERA BOTELLA DESHIDRATADORA J 4.0L 4.7L 00 GRA,MOPAR,344005,https://images.unsplash.com/photo-1486006920555-c77dce18193b?w=400,Aire Acondicionado,JEEP,5072138AA
60088,AISLANTE PROTECTOR EXHOSTO J GRAN CHEROKEE,MOPAR,101864,https://images.unsplash.com/photo-1486006920555-c77dce18193b?w=400,Carroceria,JEEP,68038805AF
48153,AMORTIGUADOR COMPUERTA TRASERA J GRAND CH,MOPAR,121017,https://images.unsplash.com/photo-1486006920555-c77dce18193b?w=400,Carroceria,JEEP,55137023AC
50990,BOCEL INTERIOR ESPEJO LH J COMPASS 09/17,MOPAR,12733,https://images.unsplash.com/photo-1486006920555-c77dce18193b?w=400,Carroceria,JEEP,1KM03DX9AB
60027,BOCEL LAMEVIDRIO DELANTERO J COMPASS 07/11 L,MOPAR,38199,https://images.unsplash.com/photo-1486006920555-c77dce18193b?w=400,Carroceria,JEEP,5074715AG
49461,COCUYO BOMPER DELANTERO J LIBERTY 05/07 RH,MOPAR,152903,https://images.unsplash.com/photo-1486006920555-c77dce18193b?w=400,Carroceria,JEEP,55156882AB
50585,COCUYO EXTENSION GUARDAFANGO DELANTERO J,MOPAR,114704,https://images.unsplash.com/photo-1486006920555-c77dce18193b?w=400,Carroceria,JEEP,55078144AA
60057,DEFLECTOR EXOSTO J GRAND CHEROKEE 3.6L 12/17,MOPAR,63665,https://images.unsplash.com/photo-1486006920555-c77dce18193b?w=400,Carroceria,JEEP,68069895AC
41242,EMBELLECEDOR TABLERO J CHROKEE 87/94,MOPAR,63665,https://images.unsplash.com/photo-1486006920555-c77dce18193b?w=400,Carroceria,JEEP,55005659
48648,EMPAQUE CARROCERIA PUERTA DELANTERA J GRA,MOPAR,152903,https://images.unsplash.com/photo-1486006920555-c77dce18193b?w=400,Carroceria,JEEP,55135918AJ
60086,EMPAQUE SUPERIOR PARABRISAS J WRANGLER 96/0,MOPAR,51039,https://images.unsplash.com/photo-1486006920555-c77dce18193b?w=400,Carroceria,JEEP,55395101AB.
60101,EMPAQUE VIDRIO VENTANA PUERTA TRASERA J WR,MOPAR,114704,https://images.unsplash.com/photo-1486006920555-c77dce18193b?w=400,Carroceria,JEEP,55395736AH
60024,ESPEJO EXTERIOR J GRAN CHEROKEE 08/10 LH,MOPAR,127437,https://images.unsplash.com/photo-1486006920555-c77dce18193b?w=400,Carroceria,JEEP,1DG491W1AB
60045,ESPEJO RETROVISOR INTERNO J WRANGLER 13/17,MOPAR,114704,https://images.unsplash.com/photo-1486006920555-c77dce18193b?w=400,Carroceria,JEEP,68158203AA
50993,ESPEJO RETROVISOR RH PATRIOT 07/16,MOPAR,203942,https://images.unsplash.com/photo-1486006920555-c77dce18193b?w=400,Carroceria,JEEP,5155462AH
47584,EXPLORADORA REDONDA J LIBERTY 02/04 RH,MOPAR,356845,https://images.unsplash.com/photo-1486006920555-c77dce18193b?w=400,Carroceria,JEEP,5083896AC
48135,GUAYA CAPOT J GRAND CHEROKEE 93/98,MOPAR,178369,https://images.unsplash.com/photo-1486006920555-c77dce18193b?w=400,Carroceria,JEEP,55076109
60090,JGO ESTRIBOS DE LUJO J GRAND CHEROKEE 05/17,MOPAR,229408,https://images.unsplash.com/photo-1486006920555-c77dce18193b?w=400,Carroceria,JEEP,82212130
60034,KIT SALPICADERAS DELANTERAS J COMPASS PATRI,MOPAR,89238,https://images.unsplash.com/photo-1486006920555-c77dce18193b?w=400,Carroceria,JEEP,82212513
60025,KIT SALPICADERAS DELANTERAS LIBERTY 08/12,MOPAR,89238,https://images.unsplash.com/photo-1486006920555-c77dce18193b?w=400,Carroceria,JEEP,82210748
60075,KIT SALPICADERAS TRASERAS J COMPASS PATRIOT,MOPAR,89238,https://images.unsplash.com/photo-1486006920555-c77dce18193b?w=400,Carroceria,JEEP,82210377
60058,MOLDURA ESTRIBO DELANTERO RH J PATRIOT 07/10,MOPAR,63665,https://images.unsplash.com/photo-1486006920555-c77dce18193b?w=400,Carroceria,JEEP,5116246AB
60059,MOLDURA PARACHOQUE TRASERO J COMPASS 07/10,MOPAR,101864,https://images.unsplash.com/photo-1486006920555-c77dce18193b?w=400,Carroceria,JEEP,1CD97TZZAA
50973,PASADOR CALIPER GRAND CHEROKEE 05/10 LIBERT,MOPAR,5029,https://images.unsplash.com/photo-1486006920555-c77dce18193b?w=400,Carroceria,JEEP,6507603AA
60073,PASORUEDA DELANTERO LH J GRAND CHEROKEE 08,MOPAR,101864,https://images.unsplash.com/photo-1486006920555-c77dce18193b?w=400,Carroceria,JEEP,55079097AA
60077,PERSIANA NEGRA J GRAND CHEROKEE 93/95,MOPAR,127437,https://images.unsplash.com/photo-1486006920555-c77dce18193b?w=400,Carroceria,JEEP,5DF54MX8.
48144,PUNTERA BOMPER TRASERO J CHEROKEE 84/96 NE,MOPAR,152903,https://images.unsplash.com/photo-1486006920555-c77dce18193b?w=400,Carroceria,JEEP,55029244
50745,REFLECTOR BOMPER TRASERO J CHEROKEE 14/16 L,MOPAR,140170,https://images.unsplash.com/photo-1486006920555-c77dce18193b?w=400,Carroceria,JEEP,68105145AC
50992,SALPICADERAS DELANTERAS J PATROT 07/10,MOPAR,89238,https://images.unsplash.com/photo-1486006920555-c77dce18193b?w=400,Carroceria,JEEP,82210378AB
60041,SOPORTE ELEVADOR SILLA DELANTERA J GRAN CHE,MOPAR,51039,https://images.unsplash.com/photo-1486006920555-c77dce18193b?w=400,Carroceria,JEEP,1TM62DX9AA
49418,STOP J COMPASS 11/13 PATRIOT /11 LH,MOPAR,904792,https://images.unsplash.com/photo-1486006920555-c77dce18193b?w=400,Carroceria,JEEP,5182543AC
48152,TAPA ANTENA J LIBERTY 02/08,MOPAR,40767,https://images.unsplash.com/photo-1486006920555-c77dce18193b?w=400,Carroceria,JEEP,56038523AB
60164,TAPETE CAUCHO J GRAND CHEROKEE 99/04,MOPAR,101864,https://images.unsplash.com/photo-1486006920555-c77dce18193b?w=400,Carroceria,JEEP,82207426AC
50475,TAPETES DELANTEROS J WRANGLER 07/13,MOPAR,191102,https://images.unsplash.com/photo-1486006920555-c77dce18193b?w=400,Carroceria,JEEP,82210164AC
48699,TAPIZADO CUBREMALETAS D JOURNEY 11/16,MOPAR,293073,https://images.unsplash.com/photo-1486006920555-c77dce18193b?w=400,Carroceria,JEEP,1GN29DX9AA
46032,TUERCA ESPARRAGO J LIBERTY 03/12 GRAND CHER,MOPAR,33170,https://images.unsplash.com/photo-1486006920555-c77dce18193b?w=400,Carroceria,JEEP,060363110AA
60105,VENTANA TRASERA DE LONA J WRNAGLER 11/15 LH,MOPAR,114704,https://images.unsplash.com/photo-1486006920555-c77dce18193b?w=400,Carroceria,JEEP,5SQ75SX9AA
48131,GUAYA CONTROL CRUCERO J LIBERTY 02/06,MOPAR,114704,https://images.unsplash.com/photo-1486006920555-c77dce18193b?w=400,Combustible,JEEP,53013367AE
60021,KIT PROTECTORES TECHO J WRANGLER 10/17,MOPAR,38199,https://images.unsplash.com/photo-1486006920555-c77dce18193b?w=400,Combustible,JEEP,68078452AA
60017,KIT SALPICADERAS TRASERAS J COMPASS PATRIOT,MOPAR,76505,https://images.unsplash.com/photo-1486006920555-c77dce18193b?w=400,Combustible,JEEP,82203703
60066,LAMEVIDRIO EXT PUERTA TRASERA RH LIBERTY 03/0,MOPAR,25466,https://images.unsplash.com/photo-1486006920555-c77dce18193b?w=400,Combustible,JEEP,55360644AD
51324,PIN MANGUERA GASOLINA J 3.2L 14/17 CHEROKEE,MOPAR,44619,https://images.unsplash.com/photo-1486006920555-c77dce18193b?w=400,Combustible,JEEP,68262528AA
50978,VALVULA VACIO A/C J CHEROKEE 97/01 GRAND CHE,MOPAR,19153,https://images.unsplash.com/photo-1486006920555-c77dce18193b?w=400,Combustible,JEEP,4549209
50531,DISCO FRENO TRASERO J CHEROKEEE 14/23,MOPAR,305806,https://images.unsplash.com/photo-1486006920555-c77dce18193b?w=400,Frenos,JEEP,4779885AC
60072,PASORUEDA TRASERO LH J COMPASS 07/17,MOPAR,89238,https://images.unsplash.com/photo-1486006920555-c77dce18193b?w=400,Frenos,JEEP,5303949AC
50527,PASTILLAS FRENO DELANTERO J CHEROKEE 14/19 np,MOPAR,369471,https://images.unsplash.com/photo-1486006920555-c77dce18193b?w=400,Frenos,JEEP,68225170AC
49868,PASTILLAS FRENO DELANTERO J GRAND CHEROKEE,MOPAR,764515,https://images.unsplash.com/photo-1486006920555-c77dce18193b?w=400,Frenos,JEEP,68002193AA
50673,PASTILLAS FRENO TRASERO J COMPASS 2WD PATRI,MOPAR,458709,https://images.unsplash.com/photo-1486006920555-c77dce18193b?w=400,Frenos,JEEP,68028671AA
50598,PASTILLAS FRENO TRASERO J GRAND CHEROKEE S,MOPAR,891952,https://images.unsplash.com/photo-1486006920555-c77dce18193b?w=400,Frenos,JEEP,68144432AA
60084,PEDAL DE FRENO J GRAN CHEROKEE WK 11/13,MOPAR,89238,https://images.unsplash.com/photo-1486006920555-c77dce18193b?w=400,Frenos,JEEP,4581656AA
50922,SENSOR ABS TRASERO J COMPASS PATRIOT 07/14 L,MOPAR,127437,https://images.unsplash.com/photo-1486006920555-c77dce18193b?w=400,Frenos,JEEP,5105063AD
50684,SENSOR ABS TRASERO J COMPASS PATRIOT 07/14 R,MOPAR,152903,https://images.unsplash.com/photo-1486006920555-c77dce18193b?w=400,Frenos,JEEP,5105062AC
50839,GRIFO BOTA AGUA TRASERO J COMMADER 06/10,MOPAR,95658,https://images.unsplash.com/photo-1486006920555-c77dce18193b?w=400,Limpiabrisas,JEEP,5179077AA
60123,PLUMILLA TRASERA J CHEROKEE 91/01,MOPAR,31886,https://images.unsplash.com/photo-1486006920555-c77dce18193b?w=400,Limpiabrisas,JEEP,WB000013AE
60122,PLUMILLA TRASERA J WRANGLER 97/04,MOPAR,31886,https://images.unsplash.com/photo-1486006920555-c77dce18193b?w=400,Limpiabrisas,JEEP,WBF00017AA
49620,TARRO LIMPIABRISAS DELANTERO J GRAND CHEROK,MOPAR,222988,https://images.unsplash.com/photo-1486006920555-c77dce18193b?w=400,Limpiabrisas,JEEP,5012594
50382,TARRO LIMPIABRISAS J GRAND CHEROKEE DURAN,MOPAR,675384,https://images.unsplash.com/photo-1486006920555-c77dce18193b?w=400,Limpiabrisas,JEEP,55079365AE
49821,ACEITE MOTOR 5W20 1/4 685182024AA,MOPAR,36975,https://res.cloudinary.com/r9vobuds/image/upload/v1790371131/catalogo_rimar/cyrl4okz00w7zmtifjjm.webp,Liquidos,JEEP,*
48720,LIQUIDO REFRIGERANTE 5 AÑOS GALON NAR 68051212AB,MOPAR,67227,https://res.cloudinary.com/r9vobuds/image/upload/v1790371131/catalogo_rimar/ap8cjmrd25wnhn0xmizt.jpg,Liquidos,JEEP,*
51074,CULATA COMPLETA MOTOR J 3.2L 14/ CHEROKEE RH,MOPAR,4459974,https://images.unsplash.com/photo-1486006920555-c77dce18193b?w=400,Motor,JEEP,68082539AC
48384,CULATA COMPLETA MOTOR J 3.7L 05/06 LIBERTY LH,MOPAR,2930837,https://images.unsplash.com/photo-1486006920555-c77dce18193b?w=400,Motor,JEEP,53020987AC
60102,EMPAQUE VIDRIO VENTANA PUERTA TRASERA J WR,MOPAR,114704,https://images.unsplash.com/photo-1486006920555-c77dce18193b?w=400,Motor,JEEP,55395737AH
48316,GUAYA CONTROL CRUCERO J CHEROKEE 97/01,MOPAR,76505,https://images.unsplash.com/photo-1486006920555-c77dce18193b?w=400,Motor,JEEP,4854001
50609,PIÑON CIGUEÑAL MOTOR C 3.5L 04/06 4.0L 07/08 PACI,MOPAR,305806,https://images.unsplash.com/photo-1486006920555-c77dce18193b?w=400,Motor,JEEP,4536479
50520,POLEA LOCA MOTOR J 3.6L 07/15 WRANGLER,MOPAR,178369,https://images.unsplash.com/photo-1486006920555-c77dce18193b?w=400,Motor,JEEP,53034002AA
47543,SOPORTE DELANTERO MOTOR J 3.7L 02/05 LIBERTY,MOPAR,420510,https://images.unsplash.com/photo-1486006920555-c77dce18193b?w=400,Motor,JEEP,52059227AC
47542,SOPORTE DELANTERO MOTOR J 3.7L 02/05 LIBERTY,MOPAR,496908,https://images.unsplash.com/photo-1486006920555-c77dce18193b?w=400,Motor,JEEP,52059226AB
48901,SOPORTE MOTOR J 3.7L GRAND CHEROKEE 07/10 LH,MOPAR,496908,https://images.unsplash.com/photo-1486006920555-c77dce18193b?w=400,Motor,JEEP,52090297AG
48900,SOPORTE MOTOR J 3.7L GRAND CHEROKEE 07/10 R,MOPAR,496908,https://images.unsplash.com/photo-1486006920555-c77dce18193b?w=400,Motor,JEEP,52090296AF
49361,SOPORTE TRASERO MOTOR J 3.7L 06/12 LIBERTY,MOPAR,547947,https://images.unsplash.com/photo-1486006920555-c77dce18193b?w=400,Motor,JEEP,52125450AC
48446,VALVULA DESFOGUE MOTOR J 2.4L 09/20 JOURNEY C,MOPAR,65000,https://images.unsplash.com/photo-1486006920555-c77dce18193b?w=400,Motor,JEEP,5047063AA
48090,BOBINA ENCENDIDO J 4.0L 98/99 CHEROKEE,MOPAR,178369,https://images.unsplash.com/photo-1486006920555-c77dce18193b?w=400,Parte Electrica,JEEP,56028172AB
50981,LLAVE ENCENDIDO J GRAND CHEROKEE J COMANDE,MOPAR,95658,https://images.unsplash.com/photo-1486006920555-c77dce18193b?w=400,Parte Electrica,JEEP,68066850AC
48087,MAGNETO TAIMER MOTOR J 4.0L 94 97 CHEROKEE G,MOPAR,280340,https://images.unsplash.com/photo-1486006920555-c77dce18193b?w=400,Parte Electrica,JEEP,56027023AB
60008,MOTOR ELEVAVIDIRIO DELANTERO RH J WRANGLER,MOPAR,114704,https://images.unsplash.com/photo-1486006920555-c77dce18193b?w=400,Parte Electrica,JEEP,68014952AA
42863,MOTOR TARRO LIMPIABRISAS J GRAND CHEROKEE 9,MOPAR,242141,https://images.unsplash.com/photo-1486006920555-c77dce18193b?w=400,Parte Electrica,JEEP,4713733
50513,RELAY MOTOVENTILADOR J 3.6L 12/15 3.8L 07/11 WR,MOPAR,127437,https://images.unsplash.com/photo-1486006920555-c77dce18193b?w=400,Parte Electrica,JEEP,56055666AB
41004,SWITCH ESPEJOS J COMPASS 07/10,MOPAR,38199,https://images.unsplash.com/photo-1486006920555-c77dce18193b?w=400,Parte Electrica,JEEP,56040694AD
49576,SWITCH LIMPIABRISAS TRASERO J CHEROKEE 97/01,MOPAR,89238,https://images.unsplash.com/photo-1486006920555-c77dce18193b?w=400,Parte Electrica,JEEP,56007249
48299,MANGUERA INFERIOR RADIADOR MOTOR J 4.7L 05/09,MOPAR,293073,https://images.unsplash.com/photo-1486006920555-c77dce18193b?w=400,Refrigeración,JEEP,55116869AD
48631,MANGUERA SUPERIOR RADIADOR MOTOR J 4.0L 93/9,MOPAR,293073,https://images.unsplash.com/photo-1486006920555-c77dce18193b?w=400,Refrigeración,JEEP,52028263
48297,MANGUERA SUPERIOR RADIADOR MOTOR J 4.7L 05/0,MOPAR,356845,https://images.unsplash.com/photo-1486006920555-c77dce18193b?w=400,Refrigeración,JEEP,55116866AA
47515,TAPA RADIADOR MOTOR J 4.0L 03/04 GRAND CHERO,MOPAR,112350,https://images.unsplash.com/photo-1486006920555-c77dce18193b?w=400,Refrigeración,JEEP,55116901AA
48264,VENTILADOR MOTOR J 5.2L 93/98 GRAND CHEROKEE,MOPAR,267607,https://images.unsplash.com/photo-1486006920555-c77dce18193b?w=400,Refrigeración,JEEP,52027888
60079,BOCEL GUARDAFANGO TRASERO RH J WRANGLER 0,MOPAR,89238,https://images.unsplash.com/photo-1486006920555-c77dce18193b?w=400,Rueda Delantera Y Trasera,JEEP,5KC84TZZAE
49967,ESPARRAGO DELANTERO J LIBERTY 02/07,MOPAR,10272,https://images.unsplash.com/photo-1486006920555-c77dce18193b?w=400,Rueda Delantera Y Trasera,JEEP,6036388AA
60050,SALPICADERAS DEL 0 TRASERAS J COMPASS,MOPAR,89238,https://images.unsplash.com/photo-1486006920555-c77dce18193b?w=400,Rueda Delantera Y Trasera,JEEP,82203706AB
50532,SENSOR ABS TRASERO J CHEROKEE 14/15,MOPAR,82818,https://images.unsplash.com/photo-1486006920555-c77dce18193b?w=400,Rueda Delantera Y Trasera,JEEP,4779897AB
60081,ABSORBEDOR PARACHOQUES TRASERO J 05/10 GRA,MOPAR,57352,https://images.unsplash.com/photo-1486006920555-c77dce18193b?w=400,Suspensión Y Dirección,JEEP,56052796AB
50265,PASADOR TIJERA TRASERA J COMPASS PATRIOT 08/,MOPAR,15301,https://images.unsplash.com/photo-1486006920555-c77dce18193b?w=400,Suspensión Y Dirección,JEEP,6508511AA
60145,RODILLO SPEED J COMPASS LIBERTY 07/17,MOPAR,101864,https://images.unsplash.com/photo-1486006920555-c77dce18193b?w=400,Suspensión Y Dirección,JEEP,4567025AB
49612,ROTULA INFERIOR J GRAND CHEROKEE DURANGO 1,MOPAR,369471,https://images.unsplash.com/photo-1486006920555-c77dce18193b?w=400,Suspensión Y Dirección,JEEP,68069648AB
47687,SOPORTE CAUCHO ESTABILIZADORA DELANTER J G,MOPAR,19153,https://images.unsplash.com/photo-1486006920555-c77dce18193b?w=400,Suspensión Y Dirección,JEEP,52088285
50535,SOPORTE CAUCHO ESTABILIZADORA DELANTERA J,MOPAR,280340,https://images.unsplash.com/photo-1486006920555-c77dce18193b?w=400,Suspensión Y Dirección,JEEP,52110141AD
51491,SPIRAL DELANTERO J COMPASS PATRIOT 07/17,MOPAR,318646,https://images.unsplash.com/photo-1486006920555-c77dce18193b?w=400,Suspensión Y Dirección,JEEP,5105869AD
51492,SPIRAL DELANTERO J COMPASS PATRIOT 07/17,MOPAR,318646,https://images.unsplash.com/photo-1486006920555-c77dce18193b?w=400,Suspensión Y Dirección,JEEP,5151898AB
49558,TAPA TARRO HIDRAULICO J 4.0L 97/04 4.7L 99/04 GR,MOPAR,76505,https://images.unsplash.com/photo-1486006920555-c77dce18193b?w=400,Suspensión Y Dirección,JEEP,4897287AA
48100,TEMPLETE INFERIOR DELANTERO J GRAND CHEROK,MOPAR,573413,https://images.unsplash.com/photo-1486006920555-c77dce18193b?w=400,Suspensión Y Dirección,JEEP,52088217AD
51330,TIJERA INFERIOR J COMPASS 17/22 RENEGADE 15/23,MOPAR,955724,https://images.unsplash.com/photo-1486006920555-c77dce18193b?w=400,Suspensión Y Dirección,JEEP,68248007AA
49363,GOBERNADOR DE PRESION CAJA 42RE 93/96 GRAN C,MOPAR,305806,https://images.unsplash.com/photo-1486006920555-c77dce18193b?w=400,Transfer Y Caja,JEEP,56027562
48317,GUAYA CONTROL CRUCERO J 4.0L 5.2L 5.9L 93/98 GR,MOPAR,140170,https://images.unsplash.com/photo-1486006920555-c77dce18193b?w=400,Transfer Y Caja,JEEP,52078292
48288,GUAYA SOBRE MARCHA CAJA J GRAN CHEROKEE 99/,MOPAR,127437,https://images.unsplash.com/photo-1486006920555-c77dce18193b?w=400,Transfer Y Caja,JEEP,4854055AC
60089,KIT ARRASTRE U/O TIRO J WRANGLER 03/06,MOPAR,63665,https://images.unsplash.com/photo-1486006920555-c77dce18193b?w=400,Transfer Y Caja,JEEP,82204119
48467,KIT CLUTCH J 2.4L 07/10 COMPASS CAJA 6 VELOCIDA,MOPAR,573413,https://images.unsplash.com/photo-1486006920555-c77dce18193b?w=400,Transfer Y Caja,JEEP,5106018AA
40111,KIT ARANDELAS ANTIPATINAJE J LIBERTY 2002 CHER,MOPAR,407670,https://images.unsplash.com/photo-1486006920555-c77dce18193b?w=400,Transmisión Y Cardán,JEEP,5252506
60115,RODAMIENTO DIFERENCIAL T355 J COMPASS 07/17,MOPAR,178369,https://images.unsplash.com/photo-1486006920555-c77dce18193b?w=400,Transmisión Y Cardán,JEEP,5173430AB
49944,BALANCINES CON IMPULSADOR MOTOR J 2.8L TURB,MOPAR,288472,https://images.unsplash.com/photo-1486006920555-c77dce18193b?w=400,Motor,JEEP - DIESEL,5066780AB
46006,EMPAQUE TAPA REPARTICION J 2.8L TURBO DIESEL,MOPAR,60134,https://images.unsplash.com/photo-1486006920555-c77dce18193b?w=400,Motor,JEEP - DIESEL,5066921AA
46011,MANGUERA ENTRADA INTERCOOLER J 2.8L 04/07 TUR,MOPAR,360697,https://images.unsplash.com/photo-1486006920555-c77dce18193b?w=400,Motor,JEEP - DIESEL,55038729AA
46000,TAPA LLENADO ACEITE MOTOR J 2.8L 02/12 TURBO,MOPAR,30067,https://images.unsplash.com/photo-1486006920555-c77dce18193b?w=400,Motor,JEEP - DIESEL,4863741
49387,TAPA PROTECTOR MOTOR J 2.8L 05/07 TURBO DIESE,MOPAR,276488,https://images.unsplash.com/photo-1486006920555-c77dce18193b?w=400,Motor,JEEP - DIESEL,53014000AG
11000,SILICONA,MOPAR,42000,https://images.unsplash.com/photo-1486006920555-c77dce18193b?w=400,Motor,LIQUIDOS,5010884AD
10997,TENSOR CORREA MOTOR F 2.2L 3.2L 13/ NEW RANG FB3Q-6A228-BA KUNYUAN,KUNYUAN PARTS,175000,https://res.cloudinary.com/r9vobuds/image/upload/v1790288647/catalogo_rimar/jnwkuppkk5fk2xqg3da2.jpg,Accesorios,FORD,PARTS
11138,TENSOR CORREA MOTOR F 3.5L 24V 07/18 EDGE BT4Z-6B209-CC KUNYUAN,KUNYUAN PARTS,130000,https://res.cloudinary.com/r9vobuds/image/upload/v1790288648/catalogo_rimar/gyqowpwfmq31fr8jjfcn.jpg,Accesorios,FORD,PARTS
11473,BOMBA COMBUSTIBLE MOTOR F 2.2L 3.2L 13/ NEW RA AB39-9H307-EC KUNYUAN,KUNYUAN PARTS,560000,https://res.cloudinary.com/r9vobuds/image/upload/v1790288649/catalogo_rimar/kfgoeukyxdj7t5gcnh0d.jpg,Combustible,FORD,PARTS
11945,VALVULA REGULADORA COMBUSTIBLE MOTOR F 2.2L BK2Q-9358-AA KUNYUAN,KUNYUAN PARTS,299600,https://images.unsplash.com/photo-1486006920555-c77dce18193b?w=400,Combustible,FORD,PARTS
25295,FILTRO GASOLINA F EXPLORER ECONOLINE BRONCO FG-872 KUNYUAN,KUNYUAN PARTS,40000,https://res.cloudinary.com/r9vobuds/image/upload/v1790288649/catalogo_rimar/lajhet47d0zb0uu2gcl3.png,Filtros,FORD,PARTS
10991,KIT PISTONES Y LIGAS CALIPER DELANTERO F NEW AB31-2L484-AA KUNYUAN,KUNYUAN PARTS,128400,https://images.unsplash.com/photo-1486006920555-c77dce18193b?w=400,Frenos,FORD,PARTS
11150,PASTILLAS FRENO DELANTERO F NEW RANGER 18/ EB3C-2001-AA KUNYUAN,KUNYUAN PARTS,246100,https://images.unsplash.com/photo-1486006920555-c77dce18193b?w=400,Frenos,FORD,PARTS
11470,SENSOR ABS DELANTERO F NEW RANGER 13/17 LH AB31-2C205-AC KUNYUAN,KUNYUAN PARTS,130000,https://images.unsplash.com/photo-1486006920555-c77dce18193b?w=400,Frenos,FORD,PARTS
11469,SENSOR ABS DELANTERO F NEW RANGER 13/17 RH AB31-2C204-AC KUNYUAN,KUNYUAN PARTS,130000,https://res.cloudinary.com/r9vobuds/image/upload/v1790288651/catalogo_rimar/qvuujtaw6ggb8mki0gos.png,Frenos,FORD,PARTS
11468,SENSOR ABS TRASERO F NEW RANGER 13/17 LH AB31-2C216-AC KUNYUAN,KUNYUAN PARTS,149800,https://res.cloudinary.com/r9vobuds/image/upload/v1790288651/catalogo_rimar/j7gvl871nlqa1iipvjn6.png,Frenos,FORD,PARTS
12370,ANILLOS MOTOR F 2.2L 13/ NEW RANGER STD L5Y0-11-SC0 KUNYUAN,KUNYUAN PARTS,180000,https://res.cloudinary.com/r9vobuds/image/upload/v1790288652/catalogo_rimar/gzle7dpnrmi6umgpke66.jpg,Motor,FORD,PARTS
10832,ANILLOS MOTOR F 3.2L 13/ NEW RANGER STD UK01-11-SGOA- KUNYUAN,KUNYUAN PARTS,190000,https://res.cloudinary.com/r9vobuds/image/upload/v1790288653/catalogo_rimar/dcbqmnsu2jdwxdpm859r.jpg,Motor,FORD,PARTS
11471,BIELA MOTOR F 2.2L 13/ NEW RANGER BB3Q-6200-BA KUNYUAN,KUNYUAN PARTS,270000,https://res.cloudinary.com/r9vobuds/image/upload/v1790288655/catalogo_rimar/zzyhdwdfds22v45koipd.png,Motor,FORD,PARTS
10834,BIELA MOTOR F 3.0L 24V 07/12 ESCAPE AL8Z-6200-A. KUNYUAN,KUNYUAN PARTS,160000,https://res.cloudinary.com/r9vobuds/image/upload/v1790288655/catalogo_rimar/qbqqfegb1axzo8ehtih4.jpg,Motor,FORD,PARTS
13462,BIELA MOTOR F 3.5L 24V 11/14 BL3Z-6200-A KUNYUAN,KUNYUAN PARTS,160000,https://res.cloudinary.com/r9vobuds/image/upload/v1790288656/catalogo_rimar/yjvtmzrz9rbpudkkc0m0.png,Motor,FORD,PARTS
12373,BOMBA ACEITE MOTOR F 2.2L 3.2L 13/ NEW RANGER BK2Q-6600-AC KUNYUAN,KUNYUAN PARTS,270000,https://res.cloudinary.com/r9vobuds/image/upload/v1790288656/catalogo_rimar/bxjzv7yyratoxufdxwh4.webp,Motor,FORD,PARTS
11005,BUJES DE BIELA MOTOR F 2.2L 16V 13/ NEW RANGER BB3Q-6207-AA KUNYUAN,KUNYUAN PARTS,130000,https://res.cloudinary.com/r9vobuds/image/upload/v1790288657/catalogo_rimar/vfiov74dbxcastmhimis.jpg,Motor,FORD,PARTS
11006,BUJES DE BIELA MOTOR F 3.2L 20V 13/ NEW RANGER 6C1Q-6207-AA KUNYUAN,KUNYUAN PARTS,150000,https://res.cloudinary.com/r9vobuds/image/upload/v1790288657/catalogo_rimar/m8w2wqnkryr4mmlzra0t.jpg,Motor,FORD,PARTS
11737,CORREA MOTOR F 2.2L 13/ NEW RANGER AB31-6C301-AB KUNYUAN,KUNYUAN PARTS,139100,https://images.unsplash.com/photo-1486006920555-c77dce18193b?w=400,Motor,FORD,PARTS
11938,EJE DE LEVAS ADMISION MOTOR F 2.2L 13/ NEW RAN BK3Q-6A270-EA KUNYUAN,KUNYUAN PARTS,695500,https://images.unsplash.com/photo-1486006920555-c77dce18193b?w=400,Motor,FORD,PARTS
12169,EMPAQUE CULATA MOTOR F 2.2L 13/ NEW RANGER D BK3Q-6051-AC KUNYUAN,KUNYUAN PARTS,110000,https://res.cloudinary.com/r9vobuds/image/upload/v1790288658/catalogo_rimar/i58qlybnopd4wggzjdvz.png,Motor,FORD,PARTS
12168,EMPAQUE CULATA MOTOR F 3.2L 13/ NEW RANGER D BB3Q-6051-A1B KUNYUAN,KUNYUAN PARTS,120000,https://res.cloudinary.com/r9vobuds/image/upload/v1790288660/catalogo_rimar/yekz5yj5ovzua0middz1.png,Motor,FORD,PARTS
11146,EMPAQUE TAPA VALVULAS MOTOR F 2.2L F NEW RAN BK2Q-6K260-AB KUNYUAN,KUNYUAN PARTS,35000,https://res.cloudinary.com/r9vobuds/image/upload/v1790288660/catalogo_rimar/vpgbj76ewftadwe5hbcl.jpg,Motor,FORD,PARTS
11145,EMPAQUE TAPA VALVULAS MOTOR F 3.2L F NEW RAN BK3Q-6K260-AA KUNYUAN,KUNYUAN PARTS,40000,https://res.cloudinary.com/r9vobuds/image/upload/v1790288661/catalogo_rimar/tkfylyclrxg4eazwzvj7.jpg,Motor,FORD,PARTS
10668,EMPAQUETADURA MOTOR COMPLETA F 1.5L 17/ EC GN15-6079-AA KUNYUAN,KUNYUAN PARTS,245000,https://res.cloudinary.com/r9vobuds/image/upload/v1790288662/catalogo_rimar/duzjfs7ry9youe9mfy3k.jpg,Motor,FORD,PARTS
11728,EMPAQUETADURA MOTOR COMPLETA F 2.0L 16V 13/1 HS54997X KUNYUAN,KUNYUAN PARTS,417300,https://images.unsplash.com/photo-1486006920555-c77dce18193b?w=400,Motor,FORD,PARTS
12227,EMPAQUETADURA MOTOR COMPLETA F 2.2L 13/ NEW AB31-6260-AA KUNYUAN,KUNYUAN PARTS,270000,https://res.cloudinary.com/r9vobuds/image/upload/v1790288663/catalogo_rimar/zan0xrzdumex4x707gcg.png,Motor,FORD,PARTS
12372,EMPAQUETADURA MOTOR COMPLETA F 3.2L 13/ NEW AB39-6079-AB KUNYUAN,KUNYUAN PARTS,380000,https://res.cloudinary.com/r9vobuds/image/upload/v1790288664/catalogo_rimar/dysdznjyiu4ptzrwctul.png,Motor,FORD,PARTS
11730,EMPAQUETADURA MOTOR COMPLETA F 3.5L 24V 11/1 AT4Z-6079-BX KUNYUAN,KUNYUAN PARTS,540000,https://res.cloudinary.com/r9vobuds/image/upload/v1790288665/catalogo_rimar/fev5bnutgaoh2pcplrie.png,Motor,FORD,PARTS
11251,ENFRIADOR ACEITE MOTOR F 1.6L 16V 11/19 FIESTA 7S7G-6B856-AC KUNYUAN,KUNYUAN PARTS,170000,https://res.cloudinary.com/r9vobuds/image/upload/v1790288666/catalogo_rimar/oq746k62xovz4av6b3rt.jpg,Motor,FORD,PARTS
11464,ENFRIADOR ACEITE MOTOR F 2.2L 3.2L 13/ NEW RAN BB3Q-6B624-EB KUNYUAN,KUNYUAN PARTS,149800,https://images.unsplash.com/photo-1486006920555-c77dce18193b?w=400,Motor,FORD,PARTS
11465,ENFRIADOR ACEITE MOTOR F 2.2L 3.2L 13/ NEW RAN BB3Q-6B624-EA KUNYUAN,KUNYUAN PARTS,380000,https://res.cloudinary.com/r9vobuds/image/upload/v1790288667/catalogo_rimar/wjsfhxeiimnihrt44krd.jpg,Motor,FORD,PARTS
10678,FILTRO ACEITE MOTOR F 3.0L 24V 01/08 ESCAPE 4.0L FL-820S KUNYUAN,KUNYUAN PARTS,25000,https://res.cloudinary.com/r9vobuds/image/upload/v1790288667/catalogo_rimar/dyhyheyn7dnpl6v6z33w.jpg,Motor,FORD,PARTS
11951,PISTONES MOTOR F 2.2L 13/ NEW RANGER STD U201-11-SG0 KUNYUAN,KUNYUAN PARTS,727600,https://images.unsplash.com/photo-1486006920555-c77dce18193b?w=400,Motor,FORD,PARTS
12163,RETEN TRASERO CIGUEÑAL MOTOR F 2.2L 3.2L 13/ N 3S7Q-6701-AB KUNYUAN,KUNYUAN PARTS,60000,https://res.cloudinary.com/r9vobuds/image/upload/v1790288668/catalogo_rimar/es19m8dduur3h3pjlu2f.png,Motor,FORD,PARTS
11249,ROCIADOR PISTON MOTOR F 2.2L 3.2L 13/ NEW RAN BK2Q-6K868-BA KUNYUAN,KUNYUAN PARTS,50000,https://res.cloudinary.com/r9vobuds/image/upload/v1790288668/catalogo_rimar/svdilce5thaetalzdaag.png,Motor,FORD,PARTS
10989,ROTULA INFERIOR F NEW RANGER 18/23 JB3C-3460-AA KUNYUAN,KUNYUAN PARTS,74900,https://images.unsplash.com/photo-1486006920555-c77dce18193b?w=400,Motor,FORD,PARTS
11463,SOPORTE MOTOR F 2.2L 3.2L 18/22 NEW RANGER LH EB3G-6B032-EA KUNYUAN,KUNYUAN PARTS,358450,https://images.unsplash.com/photo-1486006920555-c77dce18193b?w=400,Motor,FORD,PARTS
11462,SOPORTE MOTOR F 2.2L 3.2L 18/22 NEW RANGER RH EB3G-6038-EA KUNYUAN,KUNYUAN PARTS,358450,https://images.unsplash.com/photo-1486006920555-c77dce18193b?w=400,Motor,FORD,PARTS
10498,TAPA REPARTICION MOTOR F 2.0L 19/ NEW RANGER JB3Q-6019-BA KUNYUAN,KUNYUAN PARTS,270000,https://images.unsplash.com/photo-1486006920555-c77dce18193b?w=400,Motor,FORD,PARTS
16843,TENSOR CORREA REPARTICION MOTOR F 1.6L 16V 11 BE8Z-6K254-A. KUNYUAN,KUNYUAN PARTS,85000,https://res.cloudinary.com/r9vobuds/image/upload/v1790288669/catalogo_rimar/alwwlhdjsxvknn4bsfrd.jpg,Motor,FORD,PARTS
10831,TUBO VALVULA EGR MOTOR F 2.2L 3.2L 13/ NEW RAN CK3Q-9F464-AB KUNYUAN,KUNYUAN PARTS,470000,https://res.cloudinary.com/r9vobuds/image/upload/v1790288669/catalogo_rimar/zbpbrtzrfghckyzwvb1q.jpg,Motor,FORD,PARTS
11923,BOBINA ENCENDIDO F 3.5L 24V EDGE 07/16 EXPLORE 7T4Z-12029-E. KUNYUAN,KUNYUAN PARTS,64200,https://images.unsplash.com/photo-1486006920555-c77dce18193b?w=400,Parte Electrica,FORD,PARTS
11908,BOBINA ENCENDIDO F 3.5L 24V F150 11/16 EXPLORER BL3Z-12029-C. KUNYUAN,KUNYUAN PARTS,85600,https://images.unsplash.com/photo-1486006920555-c77dce18193b?w=400,Parte Electrica,FORD,PARTS
11749,BUJIAS PRECALENTAMIENTO MOTOR F 2.2L 3.2L 13/ N BK3Q-6M090-AB KUNYUAN,KUNYUAN PARTS,30000,https://res.cloudinary.com/r9vobuds/image/upload/v1790288670/catalogo_rimar/qsdmbv1pvgktcyzqxugm.png,Parte Electrica,FORD,PARTS
10658,SENSOR ABS DELANTERO F NEW RANGER 18/23 LH JB3Z-2C205-D KUNYUAN,KUNYUAN PARTS,110000,https://res.cloudinary.com/r9vobuds/image/upload/v1790288670/catalogo_rimar/zaxcncvarje9rnzopu7i.jpg,Parte Electrica,FORD,PARTS
10657,SENSOR ABS DELANTERO F NEW RANGER 18/23 RH JB3Z-2C204-E KUNYUAN,KUNYUAN PARTS,110000,https://res.cloudinary.com/r9vobuds/image/upload/v1790288671/catalogo_rimar/vv5omgurgx5o0oq7nvcs.jpg,Parte Electrica,FORD,PARTS
10656,SENSOR MONITOREO PRESION AIRE LLANTAS F EXP F2GT-1A180-AB KUNYUAN,KUNYUAN PARTS,80000,https://res.cloudinary.com/r9vobuds/image/upload/v1790288671/catalogo_rimar/snlk86tavgsxv2dcue6f.jpg,Parte Electrica,FORD,PARTS
11137,SENSOR PRESION COMBUSTIBLE F 4.0L SOHC 04/10 3F2Z-9G756-AC KUNYUAN,KUNYUAN PARTS,90000,https://res.cloudinary.com/r9vobuds/image/upload/v1790288672/catalogo_rimar/tzxvbrb1apxj9yqlelqd.jpg,Parte Electrica,FORD,PARTS
10992,VALVULA EGR MOTOR F 2.2L 3.2L 13/ NEW RANGER BK2Q-9D475-CD KUNYUAN,KUNYUAN PARTS,418000,https://images.unsplash.com/photo-1486006920555-c77dce18193b?w=400,Parte Electrica,FORD,PARTS
11937,BOMBA AGUA MOTOR F 2.2L 13/ NEW RANGER BK3Q-8A558-CB KUNYUAN,KUNYUAN PARTS,270000,https://res.cloudinary.com/r9vobuds/image/upload/v1790288672/catalogo_rimar/dyxpazqmhykfvgzq4hsz.jpg,Refrigeración,FORD,PARTS
10972,BOMBA AGUA MOTOR F 4.6L 5.4L 16V 97/10 EXPLORE 3L3Z-8501-CA.. KUNYUAN,KUNYUAN PARTS,140000,https://res.cloudinary.com/r9vobuds/image/upload/v1790288673/catalogo_rimar/jdsdxvubion7yruseisg.jpg,Refrigeración,FORD,PARTS
11001,RADIADOR AGUA MOTOR F 2.2L 3.2L 13/ NEW RANGE AB39-8005-AD KUNYUAN,KUNYUAN PARTS,390000,https://images.unsplash.com/photo-1486006920555-c77dce18193b?w=400,Refrigeración,FORD,PARTS
16881,TAPA TARRO AUXILIAR RADIADOR F ESCAPE 01/12 1 YL8Z-8100-AA KUNYUAN,KUNYUAN PARTS,18000,https://res.cloudinary.com/r9vobuds/image/upload/v1790288675/catalogo_rimar/cltlesojsyuaf9p45mir.png,Refrigeración,FORD,PARTS
11139,AMORTIGUADOR DELANTERO F ECOSPORT 13/ LH CN15-18K001-A KUNYUAN,KUNYUAN PARTS,180000,https://res.cloudinary.com/r9vobuds/image/upload/v1790288675/catalogo_rimar/mjvu2phd5bdnzt8z8kou.jpg,Suspensión Y Dirección,FORD,PARTS
11140,AMORTIGUADOR DELANTERO F ECOSPORT 13/ RH CN15-18045-A2 KUNYUAN,KUNYUAN PARTS,180000,https://res.cloudinary.com/r9vobuds/image/upload/v1790288676/catalogo_rimar/vhgb3bsjgcsnqsivz6h7.jpg,Suspensión Y Dirección,FORD,PARTS
11932,AMORTIGUADOR DELANTERO F NEW RANGER 13/17 AB39-18045-CE KUNYUAN,KUNYUAN PARTS,170000,https://res.cloudinary.com/r9vobuds/image/upload/v1790288676/catalogo_rimar/etgrudk48oxjcbsmumys.jpg,Suspensión Y Dirección,FORD,PARTS
11461,AMORTIGUADOR DELANTERO F NEW RANGER 18/ JB3C-18045-DE KUNYUAN,KUNYUAN PARTS,246100,https://images.unsplash.com/photo-1486006920555-c77dce18193b?w=400,Suspensión Y Dirección,FORD,PARTS
10667,AMORTIGUADOR TRASERO F NEW RANGER 4WD 13/ AB31-18080-D KUNYUAN,KUNYUAN PARTS,120000,https://res.cloudinary.com/r9vobuds/image/upload/v1790288677/catalogo_rimar/sdb141x1cyw7xcgye3cl.jpg,Suspensión Y Dirección,FORD,PARTS
11458,BRAZO AXIAL F NEW RANGER 18/20 EB3C-3280-AB KUNYUAN,KUNYUAN PARTS,50000,https://res.cloudinary.com/r9vobuds/image/upload/v1790288677/catalogo_rimar/co5ioyxlqsmiu2gy4tnt.png,Suspensión Y Dirección,FORD,PARTS
11933,BUJE TIJERA INFERIOR F NEW RANGER 13/ AB31-3069-AB KUNYUAN,KUNYUAN PARTS,38000,https://res.cloudinary.com/r9vobuds/image/upload/v1790288678/catalogo_rimar/danfgsofc0i6io3x4hnq.jpg,Suspensión Y Dirección,FORD,PARTS
11935,BUJE TIJERA SUPERIOR F NEW RANGER 13/ X UNIDA AB31-3068-BB KUNYUAN,KUNYUAN PARTS,38000,https://res.cloudinary.com/r9vobuds/image/upload/v1790288678/catalogo_rimar/sylftdttexadwdhsh0dg.png,Suspensión Y Dirección,FORD,PARTS
13429,MUÑECO ESTABILIZADORA DELANTERA F ESCAPE 13 AV6Z-5K484-B KUNYUAN,KUNYUAN PARTS,38000,https://res.cloudinary.com/r9vobuds/image/upload/v1790288679/catalogo_rimar/zpljs5px9tkvr2kn0k9s.png,Suspensión Y Dirección,FORD,PARTS
13481,MUÑECO ESTABILIZADORA DELANTERA F FIESTA 1.6 8V5Z-5K484-A KUNYUAN,KUNYUAN PARTS,42800,https://images.unsplash.com/photo-1486006920555-c77dce18193b?w=400,Suspensión Y Dirección,FORD,PARTS
12220,MUÑECO ESTABILIZADORA DELANTERA F NEW RANG AB31-3053-CA KUNYUAN,KUNYUAN PARTS,53500,https://images.unsplash.com/photo-1486006920555-c77dce18193b?w=400,Suspensión Y Dirección,FORD,PARTS
11457,MUÑECO ESTABILIZADORA DELANTERA F NEW RANG JB3C-3052-AA KUNYUAN,KUNYUAN PARTS,50000,https://res.cloudinary.com/r9vobuds/image/upload/v1790288679/catalogo_rimar/nwbu95nwu5cwffxk6yoq.jpg,Suspensión Y Dirección,FORD,PARTS
11456,MUÑECO ESTABILIZADORA DELANTERA F NEW RANG JB3C-3053-AA KUNYUAN,KUNYUAN PARTS,50000,https://res.cloudinary.com/r9vobuds/image/upload/v1790288680/catalogo_rimar/yugyuv3ihtmqm5phlzvs.png,Suspensión Y Dirección,FORD,PARTS
12224,ROTULA INFERIOR F NEW RANGER 13/17 AB31-3460-AA KUNYUAN,KUNYUAN PARTS,64200,https://images.unsplash.com/photo-1486006920555-c77dce18193b?w=400,Suspensión Y Dirección,FORD,PARTS
12223,ROTULA SUPERIOR F NEW RANGER 13/17 AB31-3450-AA KUNYUAN,KUNYUAN PARTS,50000,https://res.cloudinary.com/r9vobuds/image/upload/v1790288681/catalogo_rimar/cshnb1nzuqhyzr0tyyac.jpg,Suspensión Y Dirección,FORD,PARTS
10990,ROTULA SUPERIOR F NEW RANGER 18/23 JB3C-3450-AA KUNYUAN,KUNYUAN PARTS,50000,https://res.cloudinary.com/r9vobuds/image/upload/v1790288681/catalogo_rimar/lvsb3l87fqqzsq2t4f2y.jpg,Suspensión Y Dirección,FORD,PARTS
12219,TERMINAL DIRECCION F NEW RANGER 13/ LH AB31-3289-AA KUNYUAN,KUNYUAN PARTS,62060,https://images.unsplash.com/photo-1486006920555-c77dce18193b?w=400,Suspensión Y Dirección,FORD,PARTS
11460,TERMINAL DIRECCION F NEW RANGER 18/22 LH EB3C-3289-AA KUNYUAN,KUNYUAN PARTS,60000,https://res.cloudinary.com/r9vobuds/image/upload/v1790288682/catalogo_rimar/lw2cwfy8gvg01znqguhi.png,Suspensión Y Dirección,FORD,PARTS
11459,TERMINAL DIRECCION F NEW RANGER 18/22 RH EB3C-3290-AA KUNYUAN,KUNYUAN PARTS,60000,https://res.cloudinary.com/r9vobuds/image/upload/v1790288683/catalogo_rimar/ott9xtvsyrzuzgn48hpc.png,Suspensión Y Dirección,FORD,PARTS
11142,TIJERA INFERIOR F ECOSPORT 13/ LH CN15-3051-AB KUNYUAN,KUNYUAN PARTS,135000,https://res.cloudinary.com/r9vobuds/image/upload/v1790288683/catalogo_rimar/yyuggi87aa2hypvmtkju.png,Suspensión Y Dirección,FORD,PARTS
11143,TIJERA INFERIOR F ECOSPORT 13/ RH CN15-3042-AB KUNYUAN,KUNYUAN PARTS,135000,https://res.cloudinary.com/r9vobuds/image/upload/v1790288684/catalogo_rimar/yaiwcaz159d0lyuscm3b.png,Suspensión Y Dirección,FORD,PARTS
11734,TIJERA INFERIOR F EDGE 07/14 LH 7T4Z-3079-AL KUNYUAN,KUNYUAN PARTS,337050,https://images.unsplash.com/photo-1486006920555-c77dce18193b?w=400,Suspensión Y Dirección,FORD,PARTS
11733,TIJERA INFERIOR F EDGE 07/14 RH 7T4Z-3078-B KUNYUAN,KUNYUAN PARTS,337050,https://images.unsplash.com/photo-1486006920555-c77dce18193b?w=400,Suspensión Y Dirección,FORD,PARTS
16217,TIJERA INFERIOR F ESCAPE 01/12 LH 6L8Z-3079-AAX KUNYUAN,KUNYUAN PARTS,150000,https://res.cloudinary.com/r9vobuds/image/upload/v1790288685/catalogo_rimar/kj1ytwb1dohtwnymd8jx.png,Suspensión Y Dirección,FORD,PARTS
16218,TIJERA INFERIOR F ESCAPE 01/12 RH 6L8Z-3078-AAF KUNYUAN,KUNYUAN PARTS,150000,https://res.cloudinary.com/r9vobuds/image/upload/v1790288686/catalogo_rimar/i6fe3zmgujeeske7ndtw.png,Suspensión Y Dirección,FORD,PARTS
11481,TIJERA INFERIOR F NEW RANGER 12/17 LH AB31-3079-AG KUNYUAN,KUNYUAN PARTS,410000,https://res.cloudinary.com/r9vobuds/image/upload/v1790288687/catalogo_rimar/spcssgnrusl7i19jijkg.jpg,Suspensión Y Dirección,FORD,PARTS
11480,TIJERA INFERIOR F NEW RANGER 12/17 RH AB31-3078-AF KUNYUAN,KUNYUAN PARTS,410000,https://res.cloudinary.com/r9vobuds/image/upload/v1790288687/catalogo_rimar/zxi6q2s99ddherzlqiw4.jpg,Suspensión Y Dirección,FORD,PARTS
11475,TIJERA INFERIOR F NEW RANGER 18/22 LH JB3C-3079-A1B KUNYUAN,KUNYUAN PARTS,500000,https://res.cloudinary.com/r9vobuds/image/upload/v1790288688/catalogo_rimar/humipt1aza9dbgniwsmi.jpg,Suspensión Y Dirección,FORD,PARTS
11483,TIJERA SUPERIOR F NEW RANGER 12/17 LH AB31-3091-BD KUNYUAN,KUNYUAN PARTS,190000,https://res.cloudinary.com/r9vobuds/image/upload/v1790288688/catalogo_rimar/q6vzizkzoros6zs6tc8a.jpg,Suspensión Y Dirección,FORD,PARTS
11482,TIJERA SUPERIOR F NEW RANGER 12/17 RH AB31-3084-BD KUNYUAN,KUNYUAN PARTS,190000,https://res.cloudinary.com/r9vobuds/image/upload/v1790288689/catalogo_rimar/obbgybze1bunt5llrqzg.png,Suspensión Y Dirección,FORD,PARTS
11478,TIJERA SUPERIOR F NEW RANGER 18/22 LH JB3C-3091-B KUNYUAN,KUNYUAN PARTS,250000,https://res.cloudinary.com/r9vobuds/image/upload/v1790288689/catalogo_rimar/czepexst3hm9lzwqalcg.jpg,Suspensión Y Dirección,FORD,PARTS
11477,TIJERA SUPERIOR F NEW RANGER 18/22 RH JB3C-3084-AD KUNYUAN,KUNYUAN PARTS,250000,https://res.cloudinary.com/r9vobuds/image/upload/v1790288690/catalogo_rimar/cwktlykpfsqfh6enbhe8.png,Suspensión Y Dirección,FORD,PARTS
11148,BOMBA PRINCIPAL CLUTCH F NEW RANGER 17/22 JB3C-7A543-AA KUNYUAN,KUNYUAN PARTS,130000,https://res.cloudinary.com/r9vobuds/image/upload/v1790288691/catalogo_rimar/txtjiuk6vqlvdylssucz.png,Transfer Y Caja,FORD,PARTS
11746,EJE DELANTERO F 2.2L 3.2L NEW RANGER 13/ LH EB3G-3A428-AB KUNYUAN,KUNYUAN PARTS,449400,https://images.unsplash.com/photo-1486006920555-c77dce18193b?w=400,Transfer Y Caja,FORD,PARTS
11745,EJE DELANTERO F 2.2L 3.2L NEW RANGER 13/ RH EB3G-3A427-AB KUNYUAN,KUNYUAN PARTS,449400,https://images.unsplash.com/photo-1486006920555-c77dce18193b?w=400,Transfer Y Caja,FORD,PARTS
10977,FILTRO CAJA SIN EMPAQUE CARTER F 5R55W 5R55S 1L2Z-7A098-AB KUNYUAN,KUNYUAN PARTS,45000,https://res.cloudinary.com/r9vobuds/image/upload/v1790288691/catalogo_rimar/dlasgbbssslmlgdjkqkp.jpg,Transfer Y Caja,FORD,PARTS
10669,KIT HORQUILLA Y BALINERA CLUTCH F 1.6L 16V FIEST 5051874E02 KUNYUAN,KUNYUAN PARTS,1250000,https://images.unsplash.com/photo-1486006920555-c77dce18193b?w=400,Transfer Y Caja,FORD,PARTS
11149,MANGUERA CLUTCH F 2.2L 3.2L 13/17 NEW RANGER EB3G-7A512-AA KUNYUAN,KUNYUAN PARTS,150000,https://res.cloudinary.com/r9vobuds/image/upload/v1790288692/catalogo_rimar/nqrmnisgdmqsufwyfgzd.png,Transfer Y Caja,FORD,PARTS
90034,BUJE TIJERA INFERIOR T TOYOTA HILUX 04/15 4WD G 48655-0K040. KUNYUAN,KUNYUAN PARTS,37450,https://images.unsplash.com/photo-1486006920555-c77dce18193b?w=400,Suspensión Y Dirección,TOYOTA,PARTS
90030,BUJE TIJERA INFERIOR T TOYOTA HILUX 04/15 4WD P 48654-0K040. KUNYUAN,KUNYUAN PARTS,37450,https://images.unsplash.com/photo-1486006920555-c77dce18193b?w=400,Suspensión Y Dirección,TOYOTA,PARTS
90029,BUJE TIJERA SUPERIOR T TOYOTA HILUX 11/23 4WD 48632-0K040 KUNYUAN,KUNYUAN PARTS,32100,https://images.unsplash.com/photo-1486006920555-c77dce18193b?w=400,Suspensión Y Dirección,TOYOTA,PARTS
90036,TERMINAL DIRECCION T TOYOTA HILUX 06/15 RH LH 45046-09281. KUNYUAN,KUNYUAN PARTS,64200,https://images.unsplash.com/photo-1486006920555-c77dce18193b?w=400,Suspensión Y Dirección,TOYOTA,PARTS
52300,CORREA MOTOR D 2.4L 09/15 JOURNEY,MASKOA,40660,https://images.unsplash.com/photo-1486006920555-c77dce18193b?w=400,Accesorios,DODGE,6PK2580
52299,TENSOR CORREA MOTOR D 2.4L 09/12 JOURNEY CO,MASKOA,85600,https://images.unsplash.com/photo-1486006920555-c77dce18193b?w=400,Accesorios,DODGE,4891595AAX
52162,CUERPO ACELERACION MOTOR D 2.4L 16V JOURNEY,MASKOA,401250,https://images.unsplash.com/photo-1486006920555-c77dce18193b?w=400,Combustible,DODGE,4891735ACM
52298,ENFRIADOR ACEITE MOTOR D 3.6L 24V 14/16 JOURNE,MASKOA,481500,https://images.unsplash.com/photo-1486006920555-c77dce18193b?w=400,Motor,DODGE,68105583AFM
52163,MULTIPLE DE ADMISION D 2.4L 09/14 JOURNEY 2.4L 0,MASKOA,650000,https://images.unsplash.com/photo-1486006920555-c77dce18193b?w=400,Motor,DODGE,4593915ABM
52164,BOMBA AGUA MOTOR D 2.4L 16V 09/13 JOURNEY 50471338,MASKOA,83460,https://images.unsplash.com/photo-1486006920555-c77dce18193b?w=400,Refrigeración,DODGE,US60
52167,BOMBA AGUA MOTOR D 3.6L 24V 11/19 JOURNEY 5184498,MASKOA,262150,https://images.unsplash.com/photo-1486006920555-c77dce18193b?w=400,Refrigeración,DODGE,US898
52161,AMORTIGUADOR DELANTERO D JOURNEY 09/19 LH V,MASKOA,149800,https://images.unsplash.com/photo-1486006920555-c77dce18193b?w=400,Suspensión Y Dirección,DODGE,72510M
52160,AMORTIGUADOR DELANTERO D JOURNEY 09/19 RH V,MASKOA,149800,https://images.unsplash.com/photo-1486006920555-c77dce18193b?w=400,Suspensión Y Dirección,DODGE,72509M
11441,BOMBA AGUA MOTOR F 3.5L 24V 07/10 EDGE,MASKOA,128400,https://images.unsplash.com/photo-1486006920555-c77dce18193b?w=400,Refrigeración,FORD,US6023M
11440,BOMBA AGUA MOTOR F 3.5L 24V 11/19 EDGE EXPLOR AT4Z-8501-A,MASKOA,121000,https://images.unsplash.com/photo-1486006920555-c77dce18193b?w=400,Refrigeración,FORD,U
11439,BOMBA AGUA MOTOR F 4.0L SOHC 97/10 EXPLORER,MASKOA,187250,https://images.unsplash.com/photo-1486006920555-c77dce18193b?w=400,Refrigeración,FORD,US4108M
11438,BOMBA AGUA MOTOR F 4.2L 97/08 F 150,MASKOA,144450,https://images.unsplash.com/photo-1486006920555-c77dce18193b?w=400,Refrigeración,FORD,US4105M
11450,BOCIN DELANTERO F EXPLORER 95/02 SPORT TRAC,MASKOA,246100,https://images.unsplash.com/photo-1486006920555-c77dce18193b?w=400,Rueda Delantera Y Trasera,FORD,515003M
27161,BOCIN DELANTERO F F 150 4WD 05/08 6 ESPARRAGO,MASKOA,385200,https://images.unsplash.com/photo-1486006920555-c77dce18193b?w=400,Rueda Delantera Y Trasera,FORD,515079M
11449,BOCIN DELANTERO Y TRASERO F EXPLORER 11/19,MASKOA,224700,https://images.unsplash.com/photo-1486006920555-c77dce18193b?w=400,Rueda Delantera Y Trasera,FORD,512460M
12777,BOCIN TRASERO F EXPLORER 02/10 SPORT TRAC 07/,MASKOA,165850,https://images.unsplash.com/photo-1486006920555-c77dce18193b?w=400,Rueda Delantera Y Trasera,FORD,521000M
11288,TIJERA INFERIOR F 1.6L 16V FIESTA 11/19 LH,MASKOA,112350,https://images.unsplash.com/photo-1486006920555-c77dce18193b?w=400,Suspensión Y Dirección,FORD,522-761M
11287,TIJERA INFERIOR F 1.6L 16V FIESTA 11/19 RH,MASKOA,112350,https://images.unsplash.com/photo-1486006920555-c77dce18193b?w=400,Suspensión Y Dirección,FORD,522-762M
11285,TIJERA INFERIOR F ESCAPE 01/12 RH,MASKOA,139100,https://images.unsplash.com/photo-1486006920555-c77dce18193b?w=400,Suspensión Y Dirección,FORD,520-284M
52166,BOMBA AGUA MOTOR D 3.7L 02/12 LIBERTY GRAND C .00 89036348 US71,MASKOA,0,https://images.unsplash.com/photo-1486006920555-c77dce18193b?w=400,Refrigeración,JEEP,*
49079,BOCIN DELANTERO J CHEROKEE 90/99 GRAND CHER,MASKOA,208650,https://images.unsplash.com/photo-1486006920555-c77dce18193b?w=400,Rueda Delantera Y Trasera,JEEP,513084M
39887,TERMOSTATO MOTOR C 4.3L 96/05 BLAZER C1500 5.,MOTORAD,37450,https://images.unsplash.com/photo-1486006920555-c77dce18193b?w=400,Refrigeración,CHEVROLET,265-195
60185,TERMOSTATO MOTOR D 2.4L 07/14 JOURNEY 95G P,MOTORAD,98440,https://images.unsplash.com/photo-1486006920555-c77dce18193b?w=400,Motor,DODGE,657-203
51727,BOBINA ENCENDIDO D 5.7L HEMI 06/14,MOTORAD,107000,https://images.unsplash.com/photo-1486006920555-c77dce18193b?w=400,Parte Electrica,DODGE,3IC405
52392,SELENOIDE DISTRIBUCION VARIABLE D 2.4L 09/15 JO,MOTORAD,278200,https://images.unsplash.com/photo-1486006920555-c77dce18193b?w=400,Parte Electrica,DODGE,1VS161
52391,SELENOIDE DISTRIBUCION VARIABLE D 2.4L 09/15 JO,MOTORAD,278200,https://images.unsplash.com/photo-1486006920555-c77dce18193b?w=400,Parte Electrica,DODGE,1VS239
52441,SENSOR DETONACION MOTOR D 2.4L 09/20 JOURNE,MOTORAD,85600,https://images.unsplash.com/photo-1486006920555-c77dce18193b?w=400,Parte Electrica,DODGE,1KS1017
48017,SENSOR POSICION CIGUEÑAL MOTOR D 2.4L 09/15 JO,MOTORAD,101650,https://images.unsplash.com/photo-1486006920555-c77dce18193b?w=400,Parte Electrica,DODGE,1KR112
48443,SENSOR POSICION EJE LEVAS MOTOR D 2.4L 09/14,MOTORAD,107000,https://images.unsplash.com/photo-1486006920555-c77dce18193b?w=400,Parte Electrica,DODGE,1CS118
52442,SENSOR POSICION EJE LEVAS MOTOR D 3.6L 11/13 J,MOTORAD,192600,https://images.unsplash.com/photo-1486006920555-c77dce18193b?w=400,Parte Electrica,DODGE,1CS311
52149,PIPA TERMOSTATO D 2.4L 16V 09/19 COMPLETA CON,MOTORAD,545700,https://images.unsplash.com/photo-1486006920555-c77dce18193b?w=400,Refrigeración,DODGE,TA4319
42137,TAPA RADIADOR MOTOR J 2.4L 07/11 JOURNEY COMP,MOTORAD,26750,https://images.unsplash.com/photo-1486006920555-c77dce18193b?w=400,Refrigeración,DODGE,T16
52060,TERMOSTATO MOTOR D 2.0L 16V 95/05 NEON WRAN,MOTORAD,42800,https://images.unsplash.com/photo-1486006920555-c77dce18193b?w=400,Refrigeración,DODGE,340-195
50175,TERMOSTATO MOTOR D 2.4L 07/15 JOURNEY 170G G,MOTORAD,144450,https://images.unsplash.com/photo-1486006920555-c77dce18193b?w=400,Refrigeración,DODGE,658-170
51940,TERMOSTATO MOTOR D 3.6L 11/19 JOURNEY CON PI,MOTORAD,92437,https://images.unsplash.com/photo-1486006920555-c77dce18193b?w=400,Refrigeración,DODGE,908-203
51303,TERMOSTATO MOTOR D 5.7L RAM 1500 2500 3500 GR,MOTORAD,102000,https://images.unsplash.com/photo-1486006920555-c77dce18193b?w=400,Refrigeración,DODGE,5416-203
12643,TAPA TANQUE GASOLINA F ESCAPE F150 01/05 CON .00 MGC204KA,MOTORAD,0,https://images.unsplash.com/photo-1486006920555-c77dce18193b?w=400,Combustible,FORD,*
13541,SELENOIDE DISTRIBUCION VARIABLE F 4.6L 5.4L 24V,MOTORAD,304950,https://images.unsplash.com/photo-1486006920555-c77dce18193b?w=400,Motor,FORD,1VS104
14470,BOBINA ENCENDIDO F BRONCO F 150 350 ECONOLIN,MOTORAD,85600,https://images.unsplash.com/photo-1486006920555-c77dce18193b?w=400,Parte Electrica,FORD,3IC114
11883,PERA TEMPERATURA MOTOR F 70/96 VARIOS F1SZ-A,MOTORAD,27000,https://images.unsplash.com/photo-1486006920555-c77dce18193b?w=400,Refrigeración,FORD,1TS1231
11858,TAPA RADIADOR MOTOR F 13 LIBRAS METALICA VA,MOTORAD,21008,https://images.unsplash.com/photo-1486006920555-c77dce18193b?w=400,Refrigeración,FORD,T13
11776,TAPA RADIADOR MOTOR F 4.0L 06/10 EXPLORER 4.6L T20R,MOTORAD,63025,https://images.unsplash.com/photo-1486006920555-c77dce18193b?w=400,Refrigeración,FORD,*
11775,TAPA TARRO AUXILIAR RADIADOR F 4.0L 00/05 4.6L 5. T38,MOTORAD,29412,https://images.unsplash.com/photo-1486006920555-c77dce18193b?w=400,Refrigeración,FORD,*
12645,TAPA TARRO AUXILIAR RADIADOR F ESCAPE 01/12 1 T47,MOTORAD,42017,https://images.unsplash.com/photo-1486006920555-c77dce18193b?w=400,Refrigeración,FORD,*
12618,TERMOSTATO MOTOR F 1.9L 91/96 ESCORT F 2.3L 93/,MOTORAD,53500,https://images.unsplash.com/photo-1486006920555-c77dce18193b?w=400,Refrigeración,FORD,306-192
12083,TERMOSTATO MOTOR F 2.0L ESCAPE 13/16 FUSION 1,MOTORAD,74900,https://images.unsplash.com/photo-1486006920555-c77dce18193b?w=400,Refrigeración,FORD,514160
13589,TERMOSTATO MOTOR F 3.0L 12V 86/95 AEROSTAR 4.9,MOTORAD,26750,https://images.unsplash.com/photo-1486006920555-c77dce18193b?w=400,Refrigeración,FORD,300-160
12638,TERMOSTATO MOTOR F 3.0L 24V 01/12 ESCAPE 188 354-192,MOTORAD,42017,https://images.unsplash.com/photo-1486006920555-c77dce18193b?w=400,Refrigeración,FORD,*
12623,TERMOSTATO MOTOR F 3.5L 07/13 EDGE EXPLORER 354-180,MOTORAD,40336,https://images.unsplash.com/photo-1486006920555-c77dce18193b?w=400,Refrigeración,FORD,*
12619,TERMOSTATO MOTOR F 3.8L 96/99 4.2L 97/98 4.6L 97/ 228-195JV,MOTORAD,29412,https://images.unsplash.com/photo-1486006920555-c77dce18193b?w=400,Refrigeración,FORD,*
11860,TERMOSTATO MOTOR F 4.0L SOHC 97/10 106G SIN,MOTORAD,84034,https://images.unsplash.com/photo-1486006920555-c77dce18193b?w=400,Refrigeración,FORD,248-192JV
51296,TAPA TANQUE GASOLINA J COMPASS 07/14 PATRIOT,MOTORAD,51039,https://images.unsplash.com/photo-1486006920555-c77dce18193b?w=400,Combustible,JEEP,MGC907
51467,BOBINA ENCENDIDO J 2.0L 2.4L 07/14 COMPASS JOUR,MOTORAD,112350,https://images.unsplash.com/photo-1486006920555-c77dce18193b?w=400,Parte Electrica,JEEP,1IC408
40365,PERA REFRIGERANTE MOTOR J 2.5L 4.0L 92/96 CHER,MOTORAD,48000,https://images.unsplash.com/photo-1486006920555-c77dce18193b?w=400,Parte Electrica,JEEP,1TS1223
51294,TAPA RADIADOR MOTOR D JOURNEY 2.4L 3.6L 2.7L 11,MOTORAD,26750,https://images.unsplash.com/photo-1486006920555-c77dce18193b?w=400,Refrigeración,JEEP,T18
51617,TAPA TARRO AUXILIAR RADIADOR J 3.2L 14/18 CHER,MOTORAD,96300,https://images.unsplash.com/photo-1486006920555-c77dce18193b?w=400,Refrigeración,JEEP,T73
10962,TERMOSTATO MOTOR M 2.0L 13/19 MAZDA CX5 12/18,MOTORAD,53500,https://images.unsplash.com/photo-1486006920555-c77dce18193b?w=400,Refrigeración,MAZDA,319-170
95057,BOBINA ENCENDIDO N 2.5L 07/17 NISSAN X-TRAIL,MOTORAD,171200,https://images.unsplash.com/photo-1486006920555-c77dce18193b?w=400,Parte Electrica,NISSAN,1IC135
95056,KIT TERMOSTATOS MOTOR N 2.5L 02/17 NISSAN X-TR,MOTORAD,117700,https://images.unsplash.com/photo-1486006920555-c77dce18193b?w=400,Refrigeración,NISSAN,427-457
95055,TERMOSTATO MOTOR N 1.6L 02/24 NISSAN SENTRA 0,MOTORAD,51360,https://images.unsplash.com/photo-1486006920555-c77dce18193b?w=400,Refrigeración,NISSAN,457-205
39673,TAPA TAIMER MOTOR C 4.3L VORTEC 95/05 BLAZER,SKYWARD,32000,https://images.unsplash.com/photo-1486006920555-c77dce18193b?w=400,Parte Electrica,CHEVROLET,40006A
39781,BOMBA PRINCIPAL CLUTCH C C1500 3500 92/95,SKYWARD,112350,https://images.unsplash.com/photo-1486006920555-c77dce18193b?w=400,Transfer Y Caja,CHEVROLET,SKCM126856
52566,CORREA MOTOR D 5.7L 09/11 RAM 1500 2500 RAM 35,SKYWARD,48150,https://images.unsplash.com/photo-1486006920555-c77dce18193b?w=400,Accesorios,DODGE,SK060795
51895,TENSOR CORREA MOTOR D 2.4L 09/12 JOURNEY CO,SKYWARD,100000,https://images.unsplash.com/photo-1486006920555-c77dce18193b?w=400,Accesorios,DODGE,SK89392
51546,CUERPO ACELERACION MOTOR D 2.4L 16V JOURNEY,SKYWARD,331700,https://images.unsplash.com/photo-1486006920555-c77dce18193b?w=400,Combustible,DODGE,04891735ACX
51896,BALANCINES MOTOR D 3.6L 24V 11/14 JOURNEY WR,SKYWARD,28000,https://images.unsplash.com/photo-1486006920555-c77dce18193b?w=400,Motor,DODGE,SKMR1332
51781,DAMPER MOTOR D 2.4L 16V 09/15 JOURNEY,SKYWARD,151261,https://images.unsplash.com/photo-1486006920555-c77dce18193b?w=400,Motor,DODGE,594-341.
52550,EJE DE LEVAS ADMIISION MOTOR D 2.4L 09/20 J COM SKES0355,SKYWARD,299600,https://images.unsplash.com/photo-1486006920555-c77dce18193b?w=400,Motor,DODGE,4884
52551,EJE DE LEVAS ESCAPE MOTOR D 2.4L 09/20 J COMPA SKES0356,SKYWARD,299600,https://images.unsplash.com/photo-1486006920555-c77dce18193b?w=400,Motor,DODGE,4884
52470,EJE DE LEVAS ESCAPE MOTOR D J 3.6L 3.2L 11/15 LH SKMC1421,SKYWARD,270000,https://images.unsplash.com/photo-1486006920555-c77dce18193b?w=400,Motor,DODGE,5184
52471,EJE DE LEVAS ESCAPE MOTOR D J 3.6L 3.2L 11/15 RH SKMC1422,SKYWARD,270000,https://images.unsplash.com/photo-1486006920555-c77dce18193b?w=400,Motor,DODGE,5184
52123,EJE DE LEVAS MOTOR D 5.7L GRAND CHEROKEE RA,SKYWARD,674100,https://images.unsplash.com/photo-1486006920555-c77dce18193b?w=400,Motor,DODGE,SKMC1403
52559,EMPAQUE MULTIPLE ADMISION MOTOR D 3.6L 24V 11/,SKYWARD,48150,https://images.unsplash.com/photo-1486006920555-c77dce18193b?w=400,Motor,DODGE,SK615918
51602,ENFRIADOR ACEITE MOTOR D 3.6L 24V 11/13 JOURNE,SKYWARD,448000,https://images.unsplash.com/photo-1486006920555-c77dce18193b?w=400,Motor,DODGE,SK5184294AE
52124,ENFRIADOR ACEITE MOTOR D 3.6L 24V 11/22 JOURNE 926959,SKYWARD,400000,https://images.unsplash.com/photo-1486006920555-c77dce18193b?w=400,Motor,DODGE,*
51601,ENFRIADOR ACEITE MOTOR D 3.6L 24V 14/16 JOURNE,SKYWARD,492200,https://images.unsplash.com/photo-1486006920555-c77dce18193b?w=400,Motor,DODGE,68105583AFX
51779,POLEA LOCA MOTOR D 2.4L 09/15 JOURNEY INFERIO 419-598.,SKYWARD,25210,https://images.unsplash.com/photo-1486006920555-c77dce18193b?w=400,Motor,DODGE,*
52553,SELENOIDE DISTRIBUCION VARIABLE D 2.4L 09/15 JO,SKYWARD,117700,https://images.unsplash.com/photo-1486006920555-c77dce18193b?w=400,Motor,DODGE,SK4884483AA
51792,SOPORTE TRASERO MOTOR D 2.4L 16V 11/15 JOURN,SKYWARD,128400,https://images.unsplash.com/photo-1486006920555-c77dce18193b?w=400,Motor,DODGE,SKMA5754
52469,TAPA VALVULAS MOTOR D 2.4L 09/19 JOURNEY SK4884760,SKYWARD,336134,https://images.unsplash.com/photo-1486006920555-c77dce18193b?w=400,Motor,DODGE,*
51824,VALVULA DESFOGUE MOTOR D 3.6L JOURNEY WRAN,SKYWARD,109244,https://images.unsplash.com/photo-1486006920555-c77dce18193b?w=400,Motor,DODGE,SKV500
52119,BOBINA ENCENDIDO D 3.6L 11/17 JOURNEY 3.2L J CH SKIC138,SKYWARD,63025,https://images.unsplash.com/photo-1486006920555-c77dce18193b?w=400,Parte Electrica,DODGE,*
52120,BOBINA ENCENDIDO D 5.7L HEMI 06/14,SKYWARD,90950,https://images.unsplash.com/photo-1486006920555-c77dce18193b?w=400,Parte Electrica,DODGE,SKIC102
52121,BOBINA ENCENDIDO J 2.0L 2.4L 07/14 COMPASS JOUR,SKYWARD,80250,https://images.unsplash.com/photo-1486006920555-c77dce18193b?w=400,Parte Electrica,DODGE,SKIC505
52549,BUJIAS MOTOR D 2.4L 16V 09/20 DOBLE PLATINIUM P,SKYWARD,12605,https://images.unsplash.com/photo-1486006920555-c77dce18193b?w=400,Parte Electrica,DODGE,SP1018
51730,BUJIAS MOTOR D 3.6L 24V 11/15 JOURNEY WRANGLE,SKYWARD,16807,https://images.unsplash.com/photo-1486006920555-c77dce18193b?w=400,Parte Electrica,DODGE,SP1031
51987,SENSOR ABS DELANTERO D JOURNEY 09/14 LH,SKYWARD,80250,https://images.unsplash.com/photo-1486006920555-c77dce18193b?w=400,Parte Electrica,DODGE,SK695319
51988,SENSOR ABS DELANTERO D JOURNEY 09/14 RH,SKYWARD,80250,https://images.unsplash.com/photo-1486006920555-c77dce18193b?w=400,Parte Electrica,DODGE,SKALS2410
52548,SENSOR TEMPERATURA AIRE AMBIENTE D 09/18 JOU,SKYWARD,42800,https://images.unsplash.com/photo-1486006920555-c77dce18193b?w=400,Parte Electrica,DODGE,SKAX112
52291,SWITCH ELEVAVIDRIO D JOURNEY LIBERTY 09/12 LH,SKYWARD,190000,https://images.unsplash.com/photo-1486006920555-c77dce18193b?w=400,Parte Electrica,DODGE,SK901482
51699,TARRO AUXILIAR RADIADOR D 2.4L 2.7L 3.6L JOURNE 603-453.,SKYWARD,117647,https://images.unsplash.com/photo-1486006920555-c77dce18193b?w=400,Refrigeración,DODGE,*
51783,TERMOSTATO MOTOR D 2.4L 07/14 JOURNEY 95G P 657-203X,SKYWARD,29412,https://images.unsplash.com/photo-1486006920555-c77dce18193b?w=400,Refrigeración,DODGE,*
51784,TERMOSTATO MOTOR D 2.4L 07/14 JOURNEY 170G G 658-170X,SKYWARD,29412,https://images.unsplash.com/photo-1486006920555-c77dce18193b?w=400,Refrigeración,DODGE,*
51543,UNION MANGUERAS SUPERIOR RADIADOR D 2.4L JO,SKYWARD,25210,https://images.unsplash.com/photo-1486006920555-c77dce18193b?w=400,Refrigeración,DODGE,52029195AKX
12824,BRAZO AXIAL D JOURNEY 09/18,SKYWARD,35000,https://images.unsplash.com/photo-1486006920555-c77dce18193b?w=400,Suspensión Y Dirección,DODGE,SEV362
52554,BUJE TIJERA LATERAL TRASERA J COMPASS PATRIO,SKYWARD,37450,https://images.unsplash.com/photo-1486006920555-c77dce18193b?w=400,Suspensión Y Dirección,DODGE,SKM523265
52555,CAUCHOS ESTABILIZADORA TRASERA D JOURNEY 09,SKYWARD,32100,https://images.unsplash.com/photo-1486006920555-c77dce18193b?w=400,Suspensión Y Dirección,DODGE,SK200216
51985,KIT BARRAS COMPLETO DIRECCION D RAM 2500 3500,SKYWARD,1070000,https://images.unsplash.com/photo-1486006920555-c77dce18193b?w=400,Suspensión Y Dirección,DODGE,SKDS800981A
49485,MUÑECO ESTABILIZADORA DELANTERA D JOURNEY,SKYWARD,29412,https://images.unsplash.com/photo-1486006920555-c77dce18193b?w=400,Suspensión Y Dirección,DODGE,SK5334
51541,PIPA TERMOSTATO D 2.4L 16V 09/19 COMPLETA CON SK902319C,SKYWARD,142857,https://images.unsplash.com/photo-1486006920555-c77dce18193b?w=400,Suspensión Y Dirección,DODGE,*
51539,POLEA LOCA MOTOR D 2.4L 09/13 JOURNEY SUPERIO 4891797AAX,SKYWARD,25210,https://images.unsplash.com/photo-1486006920555-c77dce18193b?w=400,Suspensión Y Dirección,DODGE,*
51789,ROTULA INFERIOR D JOURNEY 09/15 SK500120,SKYWARD,37815,https://images.unsplash.com/photo-1486006920555-c77dce18193b?w=400,Suspensión Y Dirección,DODGE,*
51891,ROTULA INFERIOR D RAM 1500 4WD 06/08 RAM 2500 3 SK7467,SKYWARD,50420,https://images.unsplash.com/photo-1486006920555-c77dce18193b?w=400,Suspensión Y Dirección,DODGE,*
51892,ROTULA SUPERIOR D RAM 1500 4WD 06/08 RAM 2500 SK7460,SKYWARD,46218,https://images.unsplash.com/photo-1486006920555-c77dce18193b?w=400,Suspensión Y Dirección,DODGE,*
52546,TEMPLETE INFERIOR DELANTERO D RAM 2500 3500 4,SKYWARD,187250,https://images.unsplash.com/photo-1486006920555-c77dce18193b?w=400,Suspensión Y Dirección,DODGE,SK524012
52294,TEMPLETE LATERAL INFERIOR TRASERO D JOURNEY SRK641853,SKYWARD,50420,https://images.unsplash.com/photo-1486006920555-c77dce18193b?w=400,Suspensión Y Dirección,DODGE,*
52293,TEMPLETE LATERAL INFERIOR TRASERO D JOURNEY,SKYWARD,85600,https://images.unsplash.com/photo-1486006920555-c77dce18193b?w=400,Suspensión Y Dirección,DODGE,SRK642901
52545,TEMPLETE LATERAL SUPERIOR TRASERO D JOURNE,SKYWARD,85600,https://images.unsplash.com/photo-1486006920555-c77dce18193b?w=400,Suspensión Y Dirección,DODGE,SK641880
51793,TEMPLETE LATERAL SUPERIOR TRASERO D JOURNE,SKYWARD,71429,https://images.unsplash.com/photo-1486006920555-c77dce18193b?w=400,Suspensión Y Dirección,DODGE,SRK643056
51990,TEMPLETE SUPERIOR DELANTERO D RAM 2500 3500,SKYWARD,160500,https://images.unsplash.com/photo-1486006920555-c77dce18193b?w=400,Suspensión Y Dirección,DODGE,SK521630
51795,TERMINAL DIRECCION D PACIFICA 04/08 CARAVAN 05,SKYWARD,44940,https://images.unsplash.com/photo-1486006920555-c77dce18193b?w=400,Suspensión Y Dirección,DODGE,SES3614
51542,TERMOSTATO MOTOR D 3.6L 11/19 JOURNEY CON PI 5184570AHX,SKYWARD,63025,https://images.unsplash.com/photo-1486006920555-c77dce18193b?w=400,Suspensión Y Dirección,DODGE,*
51544,TIJERA INFERIOR D JOURNEY 09/15 LH,SKYWARD,246100,https://images.unsplash.com/photo-1486006920555-c77dce18193b?w=400,Suspensión Y Dirección,DODGE,4766423AAX
51545,TIJERA INFERIOR D JOURNEY 09/15 RH,SKYWARD,246100,https://images.unsplash.com/photo-1486006920555-c77dce18193b?w=400,Suspensión Y Dirección,DODGE,4766424AAX
51798,TIJERA INFERIOR TRASERA D JOURNEY 09/18 RH LH,SKYWARD,109244,https://images.unsplash.com/photo-1486006920555-c77dce18193b?w=400,Suspensión Y Dirección,DODGE,SCMS251247
52568,TIJERA SUPERIOR D RAM 1500 2WD 09/20 LH,SKYWARD,171200,https://images.unsplash.com/photo-1486006920555-c77dce18193b?w=400,Suspensión Y Dirección,DODGE,SK620634
10950,TENSOR CORREA MOTOR F 3.0L 24V 05/08 ESCAPE F,SKYWARD,120000,https://images.unsplash.com/photo-1486006920555-c77dce18193b?w=400,Accesorios,FORD,SK89370
10874,TENSOR CORREA MOTOR F 5.0L 5.8L 93/97 BRONCO F,SKYWARD,101650,https://images.unsplash.com/photo-1486006920555-c77dce18193b?w=400,Accesorios,FORD,SK89236
11025,BOMBA GASOLINA MOTOR F 4.9L 5.0L 5.8L 90/97 PLA,SKYWARD,128400,https://images.unsplash.com/photo-1486006920555-c77dce18193b?w=400,Combustible,FORD,SKEFP503
11763,VALVULA REGULADORA GASOLINA MOTOR F 4.0L OH,SKYWARD,69550,https://images.unsplash.com/photo-1486006920555-c77dce18193b?w=400,Combustible,FORD,SKPR61
11762,VALVULA REGULADORA GASOLINA MOTOR F VARIOS,SKYWARD,50000,https://images.unsplash.com/photo-1486006920555-c77dce18193b?w=400,Combustible,FORD,SKPR162
11026,BOMBA ACEITE MOTOR F 3.8L 94/04 MUSTANG F 4.2L,SKYWARD,203300,https://images.unsplash.com/photo-1486006920555-c77dce18193b?w=400,Motor,FORD,SKOM246
11530,BOMBA ACEITE MOTOR F 4.0L OHV SOHC 90/02 2.9L 1,SKYWARD,171200,https://images.unsplash.com/photo-1486006920555-c77dce18193b?w=400,Motor,FORD,SKOM128
10866,DAMPER MOTOR F 4.0L SOHC 02/10 SENSOR LAMINA,SKYWARD,378151,https://images.unsplash.com/photo-1486006920555-c77dce18193b?w=400,Motor,FORD,SK594236
10876,DAMPER MOTOR F 5.0L 84/95 F BRONCO F 150,SKYWARD,189076,https://images.unsplash.com/photo-1486006920555-c77dce18193b?w=400,Motor,FORD,SK594024
11039,EJE DE LEVAS MOTOR F 4.0L SOHC 97/05 LH,SKYWARD,267500,https://images.unsplash.com/photo-1486006920555-c77dce18193b?w=400,Motor,FORD,SKES1063
11038,EJE DE LEVAS MOTOR F 4.0L SOHC 97/05 RH,SKYWARD,267500,https://images.unsplash.com/photo-1486006920555-c77dce18193b?w=400,Motor,FORD,SKES1064
10871,KIT FIBRA BASE INYECTOR MOTOR F EXPLORER SOH SK926028,SKYWARD,42017,https://images.unsplash.com/photo-1486006920555-c77dce18193b?w=400,Motor,FORD,*
11978,MULTIPLE DE ADMISION MOTOR F 4.6L 16V 99/09 EXP,SKYWARD,749000,https://images.unsplash.com/photo-1486006920555-c77dce18193b?w=400,Motor,FORD,615-175.
12195,MULTIPLE DE ADMISION MOTOR F 5.4L 16V 00/09,SKYWARD,749000,https://images.unsplash.com/photo-1486006920555-c77dce18193b?w=400,Motor,FORD,2L1Z-9424-AAX
23700,POLEA LOCA METALICA LIZA MOTOR F 4.0L 93/10 4.2L,SKYWARD,29960,https://images.unsplash.com/photo-1486006920555-c77dce18193b?w=400,Motor,FORD,SK89006
14234,POLEA LOCA TENSOR CORREA MOTOR F 4.0L OHV S,SKYWARD,29960,https://images.unsplash.com/photo-1486006920555-c77dce18193b?w=400,Motor,FORD,SK89015
11037,TAPA VALVULAS MOTOR F 4.0L SOHC 02/07 EXPLORE,SKYWARD,310300,https://images.unsplash.com/photo-1486006920555-c77dce18193b?w=400,Motor,FORD,SK264989
11036,TAPA VALVULAS MOTOR F 4.0L SOHC 04/08 EXPLORE,SKYWARD,310300,https://images.unsplash.com/photo-1486006920555-c77dce18193b?w=400,Motor,FORD,SK264988
70120,TENSOR CORREA MOTOR F 4.0L 93/00 OHV SOHC EX,SKYWARD,107000,https://images.unsplash.com/photo-1486006920555-c77dce18193b?w=400,Motor,FORD,SK89230
11528,CILINDRO SWITCH ENCENDIDO F BRONCO 92/96 F 15,SKYWARD,40660,https://images.unsplash.com/photo-1486006920555-c77dce18193b?w=400,Parte Electrica,FORD,SK924730
11876,MOTOVENTILADOR F 2.0L 16V 13/16 ESCAPE,SKYWARD,550000,https://images.unsplash.com/photo-1486006920555-c77dce18193b?w=400,Parte Electrica,FORD,621-040.
26645,POLEA LOCA TENSOR MOTOR F 5.0L 5.8L METALICA 3,SKYWARD,34240,https://images.unsplash.com/photo-1486006920555-c77dce18193b?w=400,Parte Electrica,FORD,SK89007
10869,SENSOR VALVULA EGR F TODOS 96/04,SKYWARD,80250,https://images.unsplash.com/photo-1486006920555-c77dce18193b?w=400,Parte Electrica,FORD,SKVP8
10879,SWITCH LUCES F BRONCO F 150 350 87/97,SKYWARD,45000,https://images.unsplash.com/photo-1486006920555-c77dce18193b?w=400,Parte Electrica,FORD,SK1S2524
14084,TAIMER MOTOR F 5.0L 92/96 BRONCO F 150 92/96,SKYWARD,331700,https://images.unsplash.com/photo-1486006920555-c77dce18193b?w=400,Parte Electrica,FORD,SKDIFD16
14068,TAIMER MOTOR F 5.8L 92/97 F 350,SKYWARD,374500,https://images.unsplash.com/photo-1486006920555-c77dce18193b?w=400,Parte Electrica,FORD,SKDIFD14
11526,VALVULA EGR MOTOR F 4.0L SOHC 04/10 EXPLORER,SKYWARD,449400,https://images.unsplash.com/photo-1486006920555-c77dce18193b?w=400,Parte Electrica,FORD,SKEGV1055
10872,FAN CLUTCH MOTOR F 4.0L OHV SOHC 90/02 SPORT T,SKYWARD,224700,https://images.unsplash.com/photo-1486006920555-c77dce18193b?w=400,Refrigeración,FORD,SK36720
14016,FAN CLUTCH MOTOR F 4.0L SOHC EXPLORER 4.6L 07/ SK46055,SKYWARD,680672,https://images.unsplash.com/photo-1486006920555-c77dce18193b?w=400,Refrigeración,FORD,*
12105,FAN CLUTCH MOTOR F 4.6L 5.4L 07/08 F 150 ELECTRO,SKYWARD,802500,https://images.unsplash.com/photo-1486006920555-c77dce18193b?w=400,Refrigeración,FORD,SK3264
10878,FAN CLUTCH MOTOR F 5.0L 88/96 F150 BRONCO 5.0L SK36951,SKYWARD,208650,https://images.unsplash.com/photo-1486006920555-c77dce18193b?w=400,Refrigeración,FORD,F4UZ-
15165,MOTOVENTILADOR F 3.0L 24V 08/12 ESCAPE,SKYWARD,465450,https://images.unsplash.com/photo-1486006920555-c77dce18193b?w=400,Refrigeración,FORD,SK62138
11990,MOTOVENTILADOR F 3.5L 07/14 EDGE,SKYWARD,565000,https://images.unsplash.com/photo-1486006920555-c77dce18193b?w=400,Refrigeración,FORD,621-392.
13600,PIPA COMPLETA TERMOSTATO F 4.0L SOHC 00/05 2 P SKRH144B,SKYWARD,109244,https://images.unsplash.com/photo-1486006920555-c77dce18193b?w=400,Refrigeración,FORD,*
11758,PIPA COMPLETA TERMOSTATO F 4.0L SOHC 02/10 1 P,SKYWARD,117700,https://images.unsplash.com/photo-1486006920555-c77dce18193b?w=400,Refrigeración,FORD,SK121259
11874,PIPA COMPLETA TERMOSTATO F 4.0L SOHC 02/10 SI,SKYWARD,101650,https://images.unsplash.com/photo-1486006920555-c77dce18193b?w=400,Refrigeración,FORD,TA2860
10859,PIPA TERMOSTATO MOTOR F 2.0L 16V 13/18 ESCAPE,SKYWARD,65000,https://images.unsplash.com/photo-1486006920555-c77dce18193b?w=400,Refrigeración,FORD,SK902684
11494,PIPA TERMOSTATO MOTOR F 3.0L 24V 05/08 ESCAPE,SKYWARD,170000,https://images.unsplash.com/photo-1486006920555-c77dce18193b?w=400,Refrigeración,FORD,SK902778
11977,TARRO AUXILIAR RADIADOR F 1.6L 16V 11/16 FIESTA,SKYWARD,72760,https://images.unsplash.com/photo-1486006920555-c77dce18193b?w=400,Refrigeración,FORD,603-381.
11047,TARRO AUXILIAR RADIADOR F 3.5 EXPLORER 2011/,SKYWARD,96300,https://images.unsplash.com/photo-1486006920555-c77dce18193b?w=400,Refrigeración,FORD,SK603364
11873,TERMOSTATO MOTOR F 4.0L SOHC 97/10 106G SIN 2L2Z-8575-AAX,SKYWARD,21008,https://images.unsplash.com/photo-1486006920555-c77dce18193b?w=400,Refrigeración,FORD,*
27163,BOCIN DELANTERO F EXPLORER 02/10 SPORT TRAC,SKYWARD,294250,https://images.unsplash.com/photo-1486006920555-c77dce18193b?w=400,Rueda Delantera Y Trasera,FORD,SK930620
10856,RODILLO EJE DELANTERO F FIESTA 1.6L 16V 11/19,SKYWARD,50000,https://images.unsplash.com/photo-1486006920555-c77dce18193b?w=400,Rueda Delantera Y Trasera,FORD,SK510056
11021,BARRA LARGA INTERNA DIRECCION F BRONCO F 150,SKYWARD,123050,https://images.unsplash.com/photo-1486006920555-c77dce18193b?w=400,Suspensión Y Dirección,FORD,SDS1018
11034,BIELA DIRECCION F 150 97/04 EXPEDITION 97/04,SKYWARD,48150,https://images.unsplash.com/photo-1486006920555-c77dce18193b?w=400,Suspensión Y Dirección,FORD,SK8700
14033,BRAZO AXIAL F EDGE 07/15,SKYWARD,33613,https://images.unsplash.com/photo-1486006920555-c77dce18193b?w=400,Suspensión Y Dirección,FORD,SEV800576
14637,BRAZO AXIAL F ESCAPE 01/07,SKYWARD,33613,https://images.unsplash.com/photo-1486006920555-c77dce18193b?w=400,Suspensión Y Dirección,FORD,SEV424
12539,BRAZO AXIAL F ESCAPE 09/12 14MM X 14MM,SKYWARD,37815,https://images.unsplash.com/photo-1486006920555-c77dce18193b?w=400,Suspensión Y Dirección,FORD,SEV800911
11044,BRAZO AXIAL F ESCAPE 13/19,SKYWARD,37450,https://images.unsplash.com/photo-1486006920555-c77dce18193b?w=400,Suspensión Y Dirección,FORD,SEV800898
12524,BRAZO AXIAL F EXPLORER 06/10 SPORT TRAC 07/10,SKYWARD,45000,https://images.unsplash.com/photo-1486006920555-c77dce18193b?w=400,Suspensión Y Dirección,FORD,SEV422
11049,BRAZO AXIAL F EXPLORER 11/19 RH LH SEV800893,SKYWARD,33613,https://images.unsplash.com/photo-1486006920555-c77dce18193b?w=400,Suspensión Y Dirección,FORD,*
11637,BRAZO AXIAL F EXPLORER 95/01 RANGER 98/04,SKYWARD,32100,https://images.unsplash.com/photo-1486006920555-c77dce18193b?w=400,Suspensión Y Dirección,FORD,SEV317
11043,CAJA DIRECCION HIDRAULICA F FIESTA 11/17 NUEVA,SKYWARD,580000,https://images.unsplash.com/photo-1486006920555-c77dce18193b?w=400,Suspensión Y Dirección,FORD,SK1G2008
11035,COMPENSADOR DIRECCION F 150 97/04 63MM + COM,SKYWARD,101650,https://images.unsplash.com/photo-1486006920555-c77dce18193b?w=400,Suspensión Y Dirección,FORD,SK8739T
11042,KIT TORNILLOS CAMBER F EXPLORER 95/01 RANGER,SKYWARD,45378,https://images.unsplash.com/photo-1486006920555-c77dce18193b?w=400,Suspensión Y Dirección,FORD,SK80065
12191,MOTOVENTILADOR F 1.6L 16V 11/19 FIESTA 7 ASPAS,SKYWARD,240000,https://images.unsplash.com/photo-1486006920555-c77dce18193b?w=400,Suspensión Y Dirección,FORD,BE8Z-8C607-AX
11568,MUÑECO ESTABILIZADORA DELANTERA F ESCAPE 05 SK750033,SKYWARD,28571,https://images.unsplash.com/photo-1486006920555-c77dce18193b?w=400,Suspensión Y Dirección,FORD,*
11675,MUÑECO ESTABILIZADORA DELANTERA F ESCAPE 13,SKYWARD,35000,https://images.unsplash.com/photo-1486006920555-c77dce18193b?w=400,Suspensión Y Dirección,FORD,SK750554
14680,MUÑECO ESTABILIZADORA DELANTERA F EXPLORER,SKYWARD,45000,https://images.unsplash.com/photo-1486006920555-c77dce18193b?w=400,Suspensión Y Dirección,FORD,SK750617
25554,MUÑECO ESTABILIZADORA DELANTERA F EXPLORER,SKYWARD,45000,https://images.unsplash.com/photo-1486006920555-c77dce18193b?w=400,Suspensión Y Dirección,FORD,SK750616
11768,MUÑECO ESTABILIZADORA DELANTERA F EXPLORER SK700540,SKYWARD,21008,https://images.unsplash.com/photo-1486006920555-c77dce18193b?w=400,Suspensión Y Dirección,FORD,*
13570,MUÑECO ESTABILIZADORA DELANTERA F FIESTA 1.6,SKYWARD,25000,https://images.unsplash.com/photo-1486006920555-c77dce18193b?w=400,Suspensión Y Dirección,FORD,SK750612
11765,ROTULA INFERIOR F 150 2WD 87/96 SUPERIOR BRON,SKYWARD,42800,https://images.unsplash.com/photo-1486006920555-c77dce18193b?w=400,Suspensión Y Dirección,FORD,SK8431T
12146,ROTULA INFERIOR F ESCAPE 01/12,SKYWARD,33613,https://images.unsplash.com/photo-1486006920555-c77dce18193b?w=400,Suspensión Y Dirección,FORD,SK80107
11766,ROTULA INFERIOR F EXPLORER 95/10 F 150 2WD 4W,SKYWARD,53500,https://images.unsplash.com/photo-1486006920555-c77dce18193b?w=400,Suspensión Y Dirección,FORD,SK8695T
11764,ROTULA SUPERIOR F 150 350 2WD 87/97 ECONOLINE,SKYWARD,39376,https://images.unsplash.com/photo-1486006920555-c77dce18193b?w=400,Suspensión Y Dirección,FORD,SK8432T
10877,RUEDA LIBRE MANUAL COMPLETA F BRONCO F100 15,SKYWARD,224700,https://images.unsplash.com/photo-1486006920555-c77dce18193b?w=400,Suspensión Y Dirección,FORD,SK404019
11771,TEMPLETE SUPERIOR TRASERA F 3.5L EDGE 07/10 R,SKYWARD,107000,https://images.unsplash.com/photo-1486006920555-c77dce18193b?w=400,Suspensión Y Dirección,FORD,SK522024
12193,TENSOR CORREA MOTOR F 4.0L SOHC 01/10 EXPLOR,SKYWARD,117700,https://images.unsplash.com/photo-1486006920555-c77dce18193b?w=400,Suspensión Y Dirección,FORD,6L2Z-6B209-AX
11030,TERMINAL CORTA DIRECCION F 150 2WD 4WD 97/04,SKYWARD,40660,https://images.unsplash.com/photo-1486006920555-c77dce18193b?w=400,Suspensión Y Dirección,FORD,SES3366T
11029,TERMINAL CORTA DIRECCION F 150 2WD 4WD 97/04,SKYWARD,40660,https://images.unsplash.com/photo-1486006920555-c77dce18193b?w=400,Suspensión Y Dirección,FORD,SES3367T
11031,TERMINAL CORTA DIRECCION F 150 2WD 97/04 INTER,SKYWARD,40660,https://images.unsplash.com/photo-1486006920555-c77dce18193b?w=400,Suspensión Y Dirección,FORD,SES3365T
11032,TERMINAL CORTA DIRECCION F 150 2WD 97/04 INTER,SKYWARD,46010,https://images.unsplash.com/photo-1486006920555-c77dce18193b?w=400,Suspensión Y Dirección,FORD,SES3364T
11028,TERMINAL CORTA DIRECCION F 150 4WD 97/04 INTER,SKYWARD,40660,https://images.unsplash.com/photo-1486006920555-c77dce18193b?w=400,Suspensión Y Dirección,FORD,SES3369T
11027,TERMINAL CORTA DIRECCION F 150 4WD 97/04 INTER,SKYWARD,40660,https://images.unsplash.com/photo-1486006920555-c77dce18193b?w=400,Suspensión Y Dirección,FORD,SES3370T
11024,TERMINAL CORTA DIRECCION F BRONCO F 150 350 80,SKYWARD,40660,https://images.unsplash.com/photo-1486006920555-c77dce18193b?w=400,Suspensión Y Dirección,FORD,SES2078L
11023,TERMINAL CORTA DIRECCION F BRONCO F 150 350 80,SKYWARD,40660,https://images.unsplash.com/photo-1486006920555-c77dce18193b?w=400,Suspensión Y Dirección,FORD,SES2077RT
11041,TERMINAL DIRECCION F ESCAPE 01/09 RH LH 16MM SES3631,SKYWARD,33613,https://images.unsplash.com/photo-1486006920555-c77dce18193b?w=400,Suspensión Y Dirección,FORD,*
14638,TERMINAL DIRECCION F ESCAPE 08/12 RH LH 14MM,SKYWARD,38000,https://images.unsplash.com/photo-1486006920555-c77dce18193b?w=400,Suspensión Y Dirección,FORD,SES800846
11045,TERMINAL DIRECCION F ESCAPE FOCUS 13/19 LH,SKYWARD,37815,https://images.unsplash.com/photo-1486006920555-c77dce18193b?w=400,Suspensión Y Dirección,FORD,SES800955
11046,TERMINAL DIRECCION F ESCAPE FOCUS 13/19 RH,SKYWARD,37815,https://images.unsplash.com/photo-1486006920555-c77dce18193b?w=400,Suspensión Y Dirección,FORD,SES800954
11048,TERMINAL DIRECCION F EXPLORER 11/19 RH LH,SKYWARD,40660,https://images.unsplash.com/photo-1486006920555-c77dce18193b?w=400,Suspensión Y Dirección,FORD,SES800952
11635,TERMINAL DIRECCION F EXPLORER RANGER 95/10 R SES3302RL,SKYWARD,33613,https://images.unsplash.com/photo-1486006920555-c77dce18193b?w=400,Suspensión Y Dirección,FORD,*
11022,TERMINAL LARGA INTERNA DIRECCION F BRONCO F,SKYWARD,72760,https://images.unsplash.com/photo-1486006920555-c77dce18193b?w=400,Suspensión Y Dirección,FORD,SDS1017T
12357,TIJERA INFERIOR F ESCAPE 13/19 LH,SKYWARD,315650,https://images.unsplash.com/photo-1486006920555-c77dce18193b?w=400,Suspensión Y Dirección,FORD,524-113
11634,TIJERA INFERIOR F EXPLORER 11/19 LH,SKYWARD,374500,https://images.unsplash.com/photo-1486006920555-c77dce18193b?w=400,Suspensión Y Dirección,FORD,SK622216
11633,TIJERA INFERIOR F EXPLORER 11/19 RH,SKYWARD,374500,https://images.unsplash.com/photo-1486006920555-c77dce18193b?w=400,Suspensión Y Dirección,FORD,SK622215
11970,TIJERA SUPERIOR F 150 04/19 EXPEDITION 07/19 LH 520-285.,SKYWARD,159664,https://images.unsplash.com/photo-1486006920555-c77dce18193b?w=400,Suspensión Y Dirección,FORD,*
11969,TIJERA SUPERIOR F 150 04/19 EXPEDITION 07/19 RH 520-286.,SKYWARD,159664,https://images.unsplash.com/photo-1486006920555-c77dce18193b?w=400,Suspensión Y Dirección,FORD,*
11987,TIJERA SUPERIOR F EXPLORER 02/05 LH,SKYWARD,235400,https://images.unsplash.com/photo-1486006920555-c77dce18193b?w=400,Suspensión Y Dirección,FORD,1L2Z-3085-AAX
11988,TIJERA SUPERIOR F EXPLORER 02/05 RH,SKYWARD,235400,https://images.unsplash.com/photo-1486006920555-c77dce18193b?w=400,Suspensión Y Dirección,FORD,1L2Z-3084-AAX
11986,TIJERA SUPERIOR F EXPLORER 06/10 SPORT TRAC 0,SKYWARD,171200,https://images.unsplash.com/photo-1486006920555-c77dce18193b?w=400,Suspensión Y Dirección,FORD,521-355.
11985,TIJERA SUPERIOR F EXPLORER 06/10 SPORT TRAC 0,SKYWARD,171200,https://images.unsplash.com/photo-1486006920555-c77dce18193b?w=400,Suspensión Y Dirección,FORD,521-356.
11972,TIJERA SUPERIOR F EXPLORER 95/01 SPORT TRAC 0 520-222.,SKYWARD,126050,https://images.unsplash.com/photo-1486006920555-c77dce18193b?w=400,Suspensión Y Dirección,FORD,*
11974,TIJERA SUPERIOR F RANGER 2WD CON SPIRAL 98/11,SKYWARD,171200,https://images.unsplash.com/photo-1486006920555-c77dce18193b?w=400,Suspensión Y Dirección,FORD,520-238.
10865,TIJERA SUPERIOR TRASERA F EXPLORER 11/19 LH,SKYWARD,195000,https://images.unsplash.com/photo-1486006920555-c77dce18193b?w=400,Suspensión Y Dirección,FORD,SCMS401204
10864,TIJERA SUPERIOR TRASERA F EXPLORER 11/19 RH,SKYWARD,195000,https://images.unsplash.com/photo-1486006920555-c77dce18193b?w=400,Suspensión Y Dirección,FORD,SCMS401203
11529,BOMBA AUXILIAR CLUTCH F AEROSTAR 93/97 BRONC,SKYWARD,135000,https://images.unsplash.com/photo-1486006920555-c77dce18193b?w=400,Transfer Y Caja,FORD,SKCS650006
12017,BOMBA PRINCIPAL CLUTCH F 350 550SD 99/04 SKCM134514,SKYWARD,100840,https://images.unsplash.com/photo-1486006920555-c77dce18193b?w=400,Transfer Y Caja,FORD,*
26906,BOMBA PRINCIPAL CLUTCH F EXPLORER RANGER 95,SKYWARD,112350,https://images.unsplash.com/photo-1486006920555-c77dce18193b?w=400,Transfer Y Caja,FORD,SKCM350070
10873,BUJE CAÑA CONTROL CAMBIOS F BRONCO 92/96 EC,SKYWARD,12840,https://images.unsplash.com/photo-1486006920555-c77dce18193b?w=400,Transfer Y Caja,FORD,SK905103
11980,KIT BOMBA CLUTCH PPAL Y MANGUERA F EXPLORER,SKYWARD,270000,https://images.unsplash.com/photo-1486006920555-c77dce18193b?w=400,Transfer Y Caja,FORD,CC649033
12994,KIT BOMBAS CLUTCH PPAL. AUX. Y MANGUERA F-150 CC649006,SKYWARD,285714,https://images.unsplash.com/photo-1486006920555-c77dce18193b?w=400,Transfer Y Caja,FORD,*
11761,KIT CAÑA CONTROL CAMBIOS AUTOMATICA F BRONC,SKYWARD,107000,https://images.unsplash.com/photo-1486006920555-c77dce18193b?w=400,Transfer Y Caja,FORD,SK905100
11760,KIT CAÑA CONTROL CAMBIOS AUTOMATICA F EXPLO,SKYWARD,92437,https://images.unsplash.com/photo-1486006920555-c77dce18193b?w=400,Transfer Y Caja,FORD,SK905102
52556,BOMBA ACEITE MOTOR J 4.0L 87/06 CHEROKEE GRA,SKYWARD,171200,https://images.unsplash.com/photo-1486006920555-c77dce18193b?w=400,Motor,JEEP,SKOM81A
51703,DAMPER MOTOR J 4.0L 84/01 CHEROKEE GRAND CHE,SKYWARD,176550,https://images.unsplash.com/photo-1486006920555-c77dce18193b?w=400,Motor,JEEP,594-018.
52468,PERA ACEITE MOTOR J GRAND CHEROKEE TODOS 99,SKYWARD,90950,https://images.unsplash.com/photo-1486006920555-c77dce18193b?w=400,Parte Electrica,JEEP,SK1S6755
52088,BOMBA AGUA MOTOR J 3.8L 07/11 WRANGLER,SKYWARD,150000,https://images.unsplash.com/photo-1486006920555-c77dce18193b?w=400,Refrigeración,JEEP,SK1202010
52565,PIPA TERMOSTATO J 2.4L 14/20 RENEGADE,SKYWARD,160500,https://images.unsplash.com/photo-1486006920555-c77dce18193b?w=400,Refrigeración,JEEP,SK9023101
52558,BOCIN DELANTERO J CHEROKEE 90/99 GRAND CHER,SKYWARD,200000,https://images.unsplash.com/photo-1486006920555-c77dce18193b?w=400,Rueda Delantera Y Trasera,JEEP,SK951015
52563,BARRA LARGA DIRECCION J WRANGLER 07/16 RH RU,SKYWARD,149800,https://images.unsplash.com/photo-1486006920555-c77dce18193b?w=400,Suspensión Y Dirección,JEEP,SDS300005
52557,BARRA TRACK J CHEROKEE 91/01 GRAND CHEROKEE,SKYWARD,160500,https://images.unsplash.com/photo-1486006920555-c77dce18193b?w=400,Suspensión Y Dirección,JEEP,SDS1235
51983,BRAZO AXIAL J COMPASS PATRIOT 07/17 CARAVAN 0 SEV80645,SKYWARD,37815,https://images.unsplash.com/photo-1486006920555-c77dce18193b?w=400,Suspensión Y Dirección,JEEP,*
51984,BRAZO AXIAL J GRAND CHEROKEE DURANGO 11/15,SKYWARD,58850,https://images.unsplash.com/photo-1486006920555-c77dce18193b?w=400,Suspensión Y Dirección,JEEP,SEV800987
60223,BRAZO AXIAL J GRAND CHEROKEE 05/08 COMANDER,SKYWARD,33613,https://images.unsplash.com/photo-1486006920555-c77dce18193b?w=400,Suspensión Y Dirección,JEEP,SEV80782
41034,MUÑECO ESTABILIZADORA DELANTERA J COMPASS,SKYWARD,35000,https://images.unsplash.com/photo-1486006920555-c77dce18193b?w=400,Suspensión Y Dirección,JEEP,SK750385
50915,MUÑECO ESTABILIZADORA DELANTERA J GRAND CH,SKYWARD,50000,https://images.unsplash.com/photo-1486006920555-c77dce18193b?w=400,Suspensión Y Dirección,JEEP,SK750578
50914,MUÑECO ESTABILIZADORA DELANTERA J GRAND CH,SKYWARD,50000,https://images.unsplash.com/photo-1486006920555-c77dce18193b?w=400,Suspensión Y Dirección,JEEP,SK750579
60270,MUÑECO ESTABILIZADORA DELANTERA J WRANGLE,SKYWARD,45000,https://images.unsplash.com/photo-1486006920555-c77dce18193b?w=400,Suspensión Y Dirección,JEEP,SK750453
51893,ROTULA INFERIOR J CHEROKEE 84/01 GRAND CHERO,SKYWARD,36380,https://images.unsplash.com/photo-1486006920555-c77dce18193b?w=400,Suspensión Y Dirección,JEEP,SK3137T
51986,ROTULA INFERIOR J COMPASS PATRIOT CALIBER 07/,SKYWARD,42800,https://images.unsplash.com/photo-1486006920555-c77dce18193b?w=400,Suspensión Y Dirección,JEEP,SK500063
49908,ROTULA INFERIOR J GRAND CHEROKEE 05/10 LIBER,SKYWARD,37815,https://images.unsplash.com/photo-1486006920555-c77dce18193b?w=400,Suspensión Y Dirección,JEEP,SK80629
51894,ROTULA SUPERIOR D RAM 1500 4WD 94/01 CHEROKE,SKYWARD,42800,https://images.unsplash.com/photo-1486006920555-c77dce18193b?w=400,Suspensión Y Dirección,JEEP,SK3134T
51989,TEMPLETE LATERAL INFERIOR TRASERO J COMPASS SK521642,SKYWARD,67227,https://images.unsplash.com/photo-1486006920555-c77dce18193b?w=400,Suspensión Y Dirección,JEEP,*
51707,TEMPLETE LATERAL SUPERIOR TRASERO J COMPAS,SKYWARD,112350,https://images.unsplash.com/photo-1486006920555-c77dce18193b?w=400,Suspensión Y Dirección,JEEP,521-641.
52562,TERMINAL CORTA DIRECCION J WRANGLER 07/16 EX,SKYWARD,58850,https://images.unsplash.com/photo-1486006920555-c77dce18193b?w=400,Suspensión Y Dirección,JEEP,SES800594
52561,TERMINAL CORTA DIRECCION J WRANGLER 07/16 INT,SKYWARD,48150,https://images.unsplash.com/photo-1486006920555-c77dce18193b?w=400,Suspensión Y Dirección,JEEP,SES3624
49956,TERMINAL DIRECCION J GRAND CHEROKEE DURANG,SKYWARD,64200,https://images.unsplash.com/photo-1486006920555-c77dce18193b?w=400,Suspensión Y Dirección,JEEP,SES800973
51992,TERMINAL DIRECCION J GRAND CHEROKEE DURANG,SKYWARD,54622,https://images.unsplash.com/photo-1486006920555-c77dce18193b?w=400,Suspensión Y Dirección,JEEP,SES800972
52564,TERMINAL LARGA DIRECCION J WRANGLER 07/16 EX,SKYWARD,246100,https://images.unsplash.com/photo-1486006920555-c77dce18193b?w=400,Suspensión Y Dirección,JEEP,SDS300043
51708,TIJERA INFERIOR TRAS J COMPASS PATRIOT 07/14,SKYWARD,96639,https://images.unsplash.com/photo-1486006920555-c77dce18193b?w=400,Suspensión Y Dirección,JEEP,521-946.
51993,TIJERA SUPERIOR J GRAND CHEROKEE 11/15 LH SRK621608,SKYWARD,138655,https://images.unsplash.com/photo-1486006920555-c77dce18193b?w=400,Suspensión Y Dirección,JEEP,*
51994,TIJERA SUPERIOR J GRAND CHEROKEE 11/15 RH SRK621607,SKYWARD,138655,https://images.unsplash.com/photo-1486006920555-c77dce18193b?w=400,Suspensión Y Dirección,JEEP,*
49634,BOMBA AUXILIAR CLUTCH J 94/01 CHEROKEE EXTER,SKYWARD,133750,https://images.unsplash.com/photo-1486006920555-c77dce18193b?w=400,Transfer Y Caja,JEEP,SKCS360047
45864,BOMBA PRINCIPAL CLUTCH J 97/99 CHEROKEE,SKYWARD,128400,https://images.unsplash.com/photo-1486006920555-c77dce18193b?w=400,Transfer Y Caja,JEEP,SKCM350104
10857,BOBINA ENCENDIDO M 2.0L 12/24 MAZDA 3 CX5 13/24,SKYWARD,69550,https://images.unsplash.com/photo-1486006920555-c77dce18193b?w=400,Parte Electrica,MAZDA,SKUF656T
52137,EJE DELANTERO D 2.4L 11/19 JOURNEY LH FWD CON CH8115,TRAKMOTIVE,327631,https://images.unsplash.com/photo-1486006920555-c77dce18193b?w=400,Transfer Y Caja,DODGE,*
52136,EJE DELANTERO D 2.4L 11/19 JOURNEY RH FWD CON CH8114,TRAKMOTIVE,319328,https://images.unsplash.com/photo-1486006920555-c77dce18193b?w=400,Transfer Y Caja,DODGE,*
52397,EJE DELANTERO INTERMEDIO D JOURNEY 09/19 RH,TRAKMOTIVE,513600,https://images.unsplash.com/photo-1486006920555-c77dce18193b?w=400,Transfer Y Caja,DODGE,CH3519
11380,EJE DELANTERO F 1.6L FIESTA 11/17 RH M/T,TRAKMOTIVE,570000,https://images.unsplash.com/photo-1486006920555-c77dce18193b?w=400,Transfer Y Caja,FORD,FD8286
11373,EJE DELANTERO F 1.6L FIESTA 11/19 LH M/T,TRAKMOTIVE,425860,https://images.unsplash.com/photo-1486006920555-c77dce18193b?w=400,Transfer Y Caja,FORD,FD8721
11508,EJE DELANTERO F 2.0L 13/19 ESCAPE AWD RH 4WD,TRAKMOTIVE,823900,https://images.unsplash.com/photo-1486006920555-c77dce18193b?w=400,Transfer Y Caja,FORD,FD8232
11741,EJE DELANTERO F 2.0L 13/19 ESCAPE FWD RH 2WD FD8329,TRAKMOTIVE,663866,https://images.unsplash.com/photo-1486006920555-c77dce18193b?w=400,Transfer Y Caja,FORD,*
11507,EJE DELANTERO F 2.0L 13/19 ESCAPE LH,TRAKMOTIVE,502900,https://images.unsplash.com/photo-1486006920555-c77dce18193b?w=400,Transfer Y Caja,FORD,FD8256
10907,EJE DELANTERO F 2.0L 19/20 EDGE LH,TRAKMOTIVE,650000,https://images.unsplash.com/photo-1486006920555-c77dce18193b?w=400,Transfer Y Caja,FORD,FD86051
10908,EJE DELANTERO F 2.0L 19/20 EDGE RH AWD,TRAKMOTIVE,560000,https://images.unsplash.com/photo-1486006920555-c77dce18193b?w=400,Transfer Y Caja,FORD,FD86048
11117,EJE DELANTERO F 2.0L FOCUS 12/18 LH A/T,TRAKMOTIVE,374500,https://images.unsplash.com/photo-1486006920555-c77dce18193b?w=400,Transfer Y Caja,FORD,FD8234
11119,EJE DELANTERO F 2.0L FUSION 13/20 LH,TRAKMOTIVE,420000,https://images.unsplash.com/photo-1486006920555-c77dce18193b?w=400,Transfer Y Caja,FORD,FD8220
11375,EJE DELANTERO F 2.3L EXPLORER 12/19 LH AWD,TRAKMOTIVE,596639,https://images.unsplash.com/photo-1486006920555-c77dce18193b?w=400,Transfer Y Caja,FORD,FD8325
11374,EJE DELANTERO F 2.3L EXPLORER 16/19 RH AWD,TRAKMOTIVE,836134,https://images.unsplash.com/photo-1486006920555-c77dce18193b?w=400,Transfer Y Caja,FORD,FD8327
11712,EJE DELANTERO F 3.0L 01/08 ESCAPE LH,TRAKMOTIVE,321000,https://images.unsplash.com/photo-1486006920555-c77dce18193b?w=400,Transfer Y Caja,FORD,FD8096
11713,EJE DELANTERO F 3.0L 01/12 ESCAPE RH,TRAKMOTIVE,290000,https://images.unsplash.com/photo-1486006920555-c77dce18193b?w=400,Transfer Y Caja,FORD,FD8095
11114,EJE DELANTERO F 3.0L 09/12 ESCAPE LH MZ8166,TRAKMOTIVE,378151,https://images.unsplash.com/photo-1486006920555-c77dce18193b?w=400,Transfer Y Caja,FORD,*
11714,EJE DELANTERO F 3.5L 07/13 EDGE RH AWD,TRAKMOTIVE,310000,https://images.unsplash.com/photo-1486006920555-c77dce18193b?w=400,Transfer Y Caja,FORD,FD8147
11715,EJE DELANTERO F 3.5L 07/14 EDGE LH,TRAKMOTIVE,305000,https://images.unsplash.com/photo-1486006920555-c77dce18193b?w=400,Transfer Y Caja,FORD,FD8148
11510,EJE DELANTERO F 3.5L 5.4L F150 09/14 LH EXCEPTO,TRAKMOTIVE,450000,https://images.unsplash.com/photo-1486006920555-c77dce18193b?w=400,Transfer Y Caja,FORD,FD8172
11511,EJE DELANTERO F 3.5L 5.4L F150 09/14 RH EXCEPTO,TRAKMOTIVE,430000,https://images.unsplash.com/photo-1486006920555-c77dce18193b?w=400,Transfer Y Caja,FORD,FD8173
11509,EJE DELANTERO F 3.5L EXPLORER 11/19 LH FD8198,TRAKMOTIVE,550420,https://images.unsplash.com/photo-1486006920555-c77dce18193b?w=400,Transfer Y Caja,FORD,*
11379,EJE DELANTERO F 3.5L EXPLORER 14/19 RH AWD,TRAKMOTIVE,856000,https://images.unsplash.com/photo-1486006920555-c77dce18193b?w=400,Transfer Y Caja,FORD,FD8296
11381,EJE DELANTERO F 3.5L F150 15/20 LH EXPEDITION 18,TRAKMOTIVE,609900,https://images.unsplash.com/photo-1486006920555-c77dce18193b?w=400,Transfer Y Caja,FORD,FD8277
11513,EJE DELANTERO F 4.0L EXPLORER 06/10 SPORT TRA FD8139.,TRAKMOTIVE,352941,https://images.unsplash.com/photo-1486006920555-c77dce18193b?w=400,Transfer Y Caja,FORD,*
11516,EJE DELANTERO F 4.0L EXPLORER 95/01 RANGER 00/,TRAKMOTIVE,342400,https://images.unsplash.com/photo-1486006920555-c77dce18193b?w=400,Transfer Y Caja,FORD,FD8021
11515,EJE DELANTERO F 4.0L EXPLORER 95/01 RANGER 00/ FD8004,TRAKMOTIVE,302521,https://images.unsplash.com/photo-1486006920555-c77dce18193b?w=400,Transfer Y Caja,FORD,*
11116,EJE DELANTERO F 5.4L 6.2L F150 10/14 LH RAPTOR S,TRAKMOTIVE,529412,https://images.unsplash.com/photo-1486006920555-c77dce18193b?w=400,Transfer Y Caja,FORD,FD8273
11115,EJE DELANTERO F 5.4L 6.2L F150 10/14 RH RAPTOR S,TRAKMOTIVE,516807,https://images.unsplash.com/photo-1486006920555-c77dce18193b?w=400,Transfer Y Caja,FORD,FD8274
11512,EJE DELANTERO F 5.4L F150 04/08 RH LH F EXPEDITI,TRAKMOTIVE,428000,https://images.unsplash.com/photo-1486006920555-c77dce18193b?w=400,Transfer Y Caja,FORD,FD86123
11711,EJE DELANTERO INTERMEDIO F ESCAPE 07/12 S,TRAKMOTIVE,450000,https://images.unsplash.com/photo-1486006920555-c77dce18193b?w=400,Transfer Y Caja,FORD,FD3501
52141,EJE DELANTERO J 2.4L COMPASS 07/17 LH J PATRI CH8110,TRAKMOTIVE,327731,https://images.unsplash.com/photo-1486006920555-c77dce18193b?w=400,Transfer Y Caja,JEEP,*
52399,EJE DELANTERO J 2.4L COMPASS 07/17 RH AWD,TRAKMOTIVE,770400,https://images.unsplash.com/photo-1486006920555-c77dce18193b?w=400,Transfer Y Caja,JEEP,CH8332
52233,EJE DELANTERO J 3.6L 5.7L GRAND CHEROKEE 11/22,TRAKMOTIVE,403361,https://images.unsplash.com/photo-1486006920555-c77dce18193b?w=400,Transfer Y Caja,JEEP,CH8253
52232,EJE DELANTERO J 3.6L 5.7L GRAND CHEROKEE 11/22,TRAKMOTIVE,403361,https://images.unsplash.com/photo-1486006920555-c77dce18193b?w=400,Transfer Y Caja,JEEP,CH8252
52138,EJE DELANTERO J 3.7L LIBERTY 02/07 LH,TRAKMOTIVE,401250,https://images.unsplash.com/photo-1486006920555-c77dce18193b?w=400,Transfer Y Caja,JEEP,AM8006
52140,EJE DELANTERO J 4.7L GRAND CHEROKEE 05/10 RH,TRAKMOTIVE,320000,https://images.unsplash.com/photo-1486006920555-c77dce18193b?w=400,Transfer Y Caja,JEEP,CH8100
52231,EJE DELANTERO J 4.7L GRAND CHEROKEE 05/10 LH,TRAKMOTIVE,350000,https://images.unsplash.com/photo-1486006920555-c77dce18193b?w=400,Transfer Y Caja,JEEP,CH8101
52729,FILTRO ACEITE MOTOR D 1.4L 06/21 RAM RAPID RAM,WEGAS,14000,https://images.unsplash.com/photo-1486006920555-c77dce18193b?w=400,Filtros,DODGE,WO120
52730,FILTRO ACEITE MOTOR D 3.6L 11/13 JOURNEY WRAN,WEGAS,18000,https://images.unsplash.com/photo-1486006920555-c77dce18193b?w=400,Filtros,DODGE,WOE623
52731,FILTRO ACEITE MOTOR D 3.6L 14/22 JOURNEY WRAN,WEGAS,18000,https://images.unsplash.com/photo-1486006920555-c77dce18193b?w=400,Filtros,DODGE,WOE652
52732,FILTRO ACEITE MOTOR D 5.9L 6.7L TURBO DIESEL 99/,WEGAS,26000,https://images.unsplash.com/photo-1486006920555-c77dce18193b?w=400,Filtros,DODGE,WO680
52733,FILTRO ACEITE MOTOR J 1.8L 15/ RENEGADE,WEGAS,20000,https://images.unsplash.com/photo-1486006920555-c77dce18193b?w=400,Filtros,DODGE,WOE912
52734,FILTRO ACEITE MOTOR J 2.4L JOURNEY COMPASS P,WEGAS,12000,https://images.unsplash.com/photo-1486006920555-c77dce18193b?w=400,Filtros,DODGE,WO133
52735,FILTRO ACEITE MOTOR J D 3.3 4.7L 5.2L 5.7L 4.0L 5.9L,WEGAS,15000,https://images.unsplash.com/photo-1486006920555-c77dce18193b?w=400,Filtros,DODGE,WO460
52736,FILTRO AIRE MOTOR D 1.4L 14/21 RAM RAPID RAM 700,WEGAS,22000,https://images.unsplash.com/photo-1486006920555-c77dce18193b?w=400,Filtros,DODGE,FAP9054
52737,FILTRO AIRE MOTOR D 2.4L 09/20 2.7L 09/10 JOURNE,WEGAS,18000,https://images.unsplash.com/photo-1486006920555-c77dce18193b?w=400,Filtros,DODGE,JFA0987
52738,FILTRO AIRE MOTOR D 3.6L 11/17 JOURNEY,WEGAS,28000,https://images.unsplash.com/photo-1486006920555-c77dce18193b?w=400,Filtros,DODGE,JFA0994
52739,FILTRO AIRE MOTOR D 5.7L 04/20 RAM 1500 2500 3500,WEGAS,28000,https://images.unsplash.com/photo-1486006920555-c77dce18193b?w=400,Filtros,DODGE,FAP3290
52740,FILTRO AIRE MOTOR D 6.7L TURBO DIESEL 07/17 RAM,WEGAS,58000,https://images.unsplash.com/photo-1486006920555-c77dce18193b?w=400,Filtros,DODGE,FAP9085
52749,FILTRO CABINA D JOURNEY 11/17 TODAS RAM 2500 1,WEGAS,11000,https://res.cloudinary.com/r9vobuds/image/upload/v1790371069/catalogo_rimar/ft8txpear7iitsvrisdv.webp,Filtros,DODGE,AKX2102
52770,FILTRO CAJA D 62TE JOURNEY 2.4L 2.7L 3.6L 11/16 6,WEGAS,70000,https://images.unsplash.com/photo-1486006920555-c77dce18193b?w=400,Filtros,DODGE,WFC564.
52760,FILTRO COMBUSTIBLE MOTOR D 6.7L DIESEL 11/13 R,WEGAS,68000,https://images.unsplash.com/photo-1486006920555-c77dce18193b?w=400,Filtros,DODGE,FCD0652
52762,BUJIAS MOTOR D 1.4L 09/21 RAM RAPID RAM 700,WEGAS,10000,https://images.unsplash.com/photo-1486006920555-c77dce18193b?w=400,Parte Electrica,DODGE,SR12LYCB0
60447,FILTRO CAJA D 41TE JOURNEY 2.4L 2.7L 3.6L 08/10 4,WEGAS,50000,https://images.unsplash.com/photo-1486006920555-c77dce18193b?w=400,Transfer Y Caja,DODGE,WFC959.
10571,FILTRO ACEITE MOTOR F 1.6L 16V FIESTA 2011/ RUBI,WEGAS,15000,https://images.unsplash.com/photo-1486006920555-c77dce18193b?w=400,Filtros,FORD,WO153
10570,FILTRO ACEITE MOTOR F 1.9L 91/96 2.5L 98/01 3.0L 86/,WEGAS,15000,https://images.unsplash.com/photo-1486006920555-c77dce18193b?w=400,Filtros,FORD,WO180
10569,FILTRO ACEITE MOTOR F 2.2L 3.2L 13/ NEW RANGER,WEGAS,12000,https://images.unsplash.com/photo-1486006920555-c77dce18193b?w=400,Filtros,FORD,WOE131
10568,FILTRO ACEITE MOTOR F 200 4.0L OHV SOHC 4.9L 5.0L,WEGAS,19000,https://images.unsplash.com/photo-1486006920555-c77dce18193b?w=400,Filtros,FORD,WO350
10567,FILTRO ACEITE MOTOR F 3.0L 24V 01/08 ESCAPE 4.0L,WEGAS,18000,https://images.unsplash.com/photo-1486006920555-c77dce18193b?w=400,Filtros,FORD,WO261
10566,FILTRO ACEITE MOTOR F 3.5L 24V EDGE 09/18 EXPLO,WEGAS,16000,https://images.unsplash.com/photo-1486006920555-c77dce18193b?w=400,Filtros,FORD,WO151
10565,FILTRO AIRE MOTOR F 1.6L 16V 11/13 FIESTA S SE SE,WEGAS,20000,https://images.unsplash.com/photo-1486006920555-c77dce18193b?w=400,Filtros,FORD,FAP9286
10564,FILTRO AIRE MOTOR F 2.0L 01/ ECOSPORT REDOND,WEGAS,35000,https://images.unsplash.com/photo-1486006920555-c77dce18193b?w=400,Filtros,FORD,WR252
10563,FILTRO AIRE MOTOR F 2.0L 09/14 ECOSPORT,WEGAS,25000,https://images.unsplash.com/photo-1486006920555-c77dce18193b?w=400,Filtros,FORD,FAP9295
10562,FILTRO AIRE MOTOR F 2.0L 16V 13/19 ESCAPE FOCU,WEGAS,30000,https://images.unsplash.com/photo-1486006920555-c77dce18193b?w=400,Filtros,FORD,WR192
10561,FILTRO AIRE MOTOR F 2.0L TURBO FUSION 13/17 ED,WEGAS,25000,https://images.unsplash.com/photo-1486006920555-c77dce18193b?w=400,Filtros,FORD,FAP2848
10560,FILTRO AIRE MOTOR F 2.2L 3.2L 13/ NEW RANGER DIE,WEGAS,40000,https://images.unsplash.com/photo-1486006920555-c77dce18193b?w=400,Filtros,FORD,WR191
10559,FILTRO AIRE MOTOR F 3.5L 24V 07/15 EDGE EXPLOR,WEGAS,25000,https://images.unsplash.com/photo-1486006920555-c77dce18193b?w=400,Filtros,FORD,FAP9052
10558,FILTRO AIRE MOTOR F 4.0L SOHC 97/03 EXPLORER,WEGAS,15000,https://images.unsplash.com/photo-1486006920555-c77dce18193b?w=400,Filtros,FORD,FAP9002
10557,FILTRO AIRE MOTOR F 4.9L 300 5.0L 5.8L 87/96,WEGAS,20000,https://images.unsplash.com/photo-1486006920555-c77dce18193b?w=400,Filtros,FORD,FAP3257
10556,FILTRO AIRE MOTOR F 5.4L 24V 06/12 F-150 3.5L 11/25,WEGAS,35000,https://images.unsplash.com/photo-1486006920555-c77dce18193b?w=400,Filtros,FORD,FAP8995
10555,FILTRO CABINA F 1.6L 16V 11/16 FIESTA,WEGAS,16000,https://res.cloudinary.com/r9vobuds/image/upload/v1790371069/catalogo_rimar/ndf6n4kzjtv90juyqq8u.png,Filtros,FORD,AKX35347/CF
10554,FILTRO CABINA F ESCAPE 13/19,WEGAS,13000,https://res.cloudinary.com/r9vobuds/image/upload/v1790371070/catalogo_rimar/pbe15snhydsjke8m0v4i.png,Filtros,FORD,AKX3594F
10553,FILTRO CABINA F NEW RANGER 13/ DIESEL,WEGAS,12000,https://res.cloudinary.com/r9vobuds/image/upload/v1790371069/catalogo_rimar/j3ghbkta4pbl5lnwrcmw.png,Filtros,FORD,AKX35177
10552,FILTRO COMBUSTIBLE M BT-50 F NEW RANGER 2.2L 3,WEGAS,25000,https://images.unsplash.com/photo-1486006920555-c77dce18193b?w=400,Filtros,FORD,FCD0775
10551,FILTRO COMBUSTIBLE M F NEW RANGER 2.0L 18/23 D,WEGAS,85000,https://images.unsplash.com/photo-1486006920555-c77dce18193b?w=400,Filtros,FORD,FCD0810
10550,BUJIAS PRECALENTAMIENTO MOTOR F 2.2L 3.2L 13/ N,WEGAS,38000,https://images.unsplash.com/photo-1486006920555-c77dce18193b?w=400,Parte Electrica,FORD,GX2149
52030,FILTRO CABINA J CHEROKEE 3.2L 14/18 KL,WEGAS,25000,https://res.cloudinary.com/r9vobuds/image/upload/v1790371069/catalogo_rimar/gvtymlliooty2yrlve01.png,Aire Acondicionado,JEEP,AKX2107.
52741,FILTRO AIRE MOTOR J 1.3L 19/23 COMPASS 1.3L RENE,WEGAS,30000,https://res.cloudinary.com/r9vobuds/image/upload/v1790371069/catalogo_rimar/zrzk138wmm5f5162tflp.png,Filtros,JEEP,FAP2834
52742,FILTRO AIRE MOTOR J 2.4L 16V 07/10 COMPASS PATRI,WEGAS,18000,https://images.unsplash.com/photo-1486006920555-c77dce18193b?w=400,Filtros,JEEP,JFA0979
52744,FILTRO AIRE MOTOR J 3.2L 24V 14/18 CHEROKEE,WEGAS,34000,https://images.unsplash.com/photo-1486006920555-c77dce18193b?w=400,Filtros,JEEP,JFA0996
2026,/09/02 : 10:39 Pag:2/2 L I S T A D E P R E C I O S Servicio e importación sin,WEGAS,0,https://images.unsplash.com/photo-1486006920555-c77dce18193b?w=400,Filtros,JEEP,límites!
52745,FILTRO AIRE MOTOR J 3.6L 18/23 WRANGLER,WEGAS,39000,https://images.unsplash.com/photo-1486006920555-c77dce18193b?w=400,Filtros,JEEP,FAP3292
52746,FILTRO AIRE MOTOR J 3.6L 5.7L 11/22 GRAND CHERO,WEGAS,28000,https://images.unsplash.com/photo-1486006920555-c77dce18193b?w=400,Filtros,JEEP,JFA0993
52747,FILTRO AIRE MOTOR J 3.7L 05/10 4.7L 05/09 GRAND C,WEGAS,22000,https://res.cloudinary.com/r9vobuds/image/upload/v1790371069/catalogo_rimar/hfxdvfg0blhhrwrrz2qs.webp,Filtros,JEEP,FAP2844
52748,FILTRO AIRE MOTOR J 4.0L 90/01 CHEROKEE RAM 15,WEGAS,28000,https://images.unsplash.com/photo-1486006920555-c77dce18193b?w=400,Filtros,JEEP,FAP3218
52765,FILTRO CABINA J GRAND CHEROKEE 11/21 DURANG,WEGAS,15000,https://res.cloudinary.com/r9vobuds/image/upload/v1790371070/catalogo_rimar/hxuagpzeg6fyuizbo2sm.png,Filtros,JEEP,AKX2105.
52766,FILTRO CABINA J WRANGLER 07/18,WEGAS,20000,https://res.cloudinary.com/r9vobuds/image/upload/v1790371070/catalogo_rimar/r0ro9vfn2s4jzwkvhi54.png,Filtros,JEEP,AKX2158-2.
52768,FILTRO GASOLINA D 1.4L RAM 700 14/21,WEGAS,18000,https://images.unsplash.com/photo-1486006920555-c77dce18193b?w=400,Filtros,JEEP,FCI1600.
52769,FILTRO GASOLINA J 2.4 19/ COMPASS,WEGAS,30000,https://images.unsplash.com/photo-1486006920555-c77dce18193b?w=400,Filtros,JEEP,FCI1660.
52767,FILTRO GASOLINA J 4.7L 99/04 GRAND CHEROKEE,WEGAS,75000,https://images.unsplash.com/photo-1486006920555-c77dce18193b?w=400,Filtros,JEEP,FCI0823.
52771,FILTRO RECTANGULAR CAJA J 45RFE 99/13 5-45RFE G,WEGAS,65000,https://images.unsplash.com/photo-1486006920555-c77dce18193b?w=400,Filtros,JEEP,WFC951.
48097,FILTRO REDONDO CAJA J 45RFE 99/13 5-45RFE GRAN,WEGAS,30000,https://images.unsplash.com/photo-1486006920555-c77dce18193b?w=400,Filtros,JEEP,WFC952.
52761,BUJIAS MOTOR J RENEGADE 1.8L 17/25,WEGAS,45000,https://images.unsplash.com/photo-1486006920555-c77dce18193b?w=400,Parte Electrica,JEEP,SR12LYI0
81545,FILTRO COMBUSTIBLE MOTOR M 4N15 19/,WEGAS,40000,https://images.unsplash.com/photo-1486006920555-c77dce18193b?w=400,Filtros,MITSUBISHI,JFC206
95090,FILTRO AIRE CABINA N NP300 15/,WEGAS,12000,https://res.cloudinary.com/r9vobuds/image/upload/v1790371070/catalogo_rimar/datttehbi2pavqgw1zpn.png,Filtros,NISSAN,AKX1945
95091,FILTRO AIRE MOTOR N NP300 D23 YD25DDTI 15/,WEGAS,25000,https://images.unsplash.com/photo-1486006920555-c77dce18193b?w=400,Filtros,NISSAN,FAP8001
95092,FILTRO ACEITE MOTOR S 1.3L JIMNY 09/,WEGAS,15000,https://images.unsplash.com/photo-1486006920555-c77dce18193b?w=400,Filtros,SUZUKI,JFO0898
95093,FILTRO AIRE CABINA S JIMNY 19/,WEGAS,13000,https://res.cloudinary.com/r9vobuds/image/upload/v1790371070/catalogo_rimar/ubfoowaphyjxsdfbmdfd.png,Filtros,SUZUKI,AKX2203
95094,FILTRO AIRE MOTOR S 1.3L JIMNY 09/,WEGAS,22000,https://images.unsplash.com/photo-1486006920555-c77dce18193b?w=400,Filtros,SUZUKI,JFA0815
90112,FILTRO ACEITE MOTOR T 2.5 2GD HILUX REVO 17/,WEGAS,13000,https://images.unsplash.com/photo-1486006920555-c77dce18193b?w=400,Filtros,TOYOTA,JFO0211
90113,FILTRO ACEITE MOTOR T 2.5 HILUX DIESEL,WEGAS,14000,https://images.unsplash.com/photo-1486006920555-c77dce18193b?w=400,Filtros,TOYOTA,JFO0215
90114,FILTRO AIRE CABINA T HILUX VIGO REVO,WEGAS,12000,https://res.cloudinary.com/r9vobuds/image/upload/v1790371070/catalogo_rimar/bcnvzqvdvirfluvp8k1h.png,Filtros,TOYOTA,AKX1967
90115,FILTRO COMBUSTIBLE MOTOR T 2.4L 2.8L TOYOTA HIL,WEGAS,30000,https://images.unsplash.com/photo-1486006920555-c77dce18193b?w=400,Filtros,TOYOTA,JFC207/3
90116,FILTRO COMBUSTIBLE MOTOR T 2.5L 2KD 3.0L TOYOT,WEGAS,28000,https://images.unsplash.com/photo-1486006920555-c77dce18193b?w=400,Filtros,TOYOTA,JFC207/2
